experiment_state_timestamp,save_interval_secs,last_save_timestamp,temperature_1_C,humidity_1,target_temperature,cooling_start_temperature,heating_proportional_Cf,heating_integral_Cf,heating_derivitive_Cf,target_humidity,range_humidity,control_change_minimum_secs,last_control_change_timestamp,last_fan_on_timestamp,last_turner_change_timestamp,front_switch,rear_switch,near_switch,far_switch,exhaust_on,humidifyer_on,heater_on,fan_on
1745532716.7702954,20,1746183681.0543773,37.5,0.37020000000000003,37.5,38,1.9,0.004,0.0,0.38,0.03,2,1746183700.0000255,1746183541.2927268,1746180830.874519,0.00177,1.0,0.00177,1.0,0,0,1,False
1745532716.7702954,20,1746183701.3235157,37.51,0.369,37.5,38,1.9,0.004,0.0,0.38,0.03,2,1746183721.2563741,1746183721.8434741,1746180830.874519,0.00174,1.0,0.00174,1.0,0,0,0,False
1745532716.7702954,20,1746183721.8510413,37.55,0.36460000000000004,37.5,38,1.9,0.004,0.0,0.38,0.03,2,1746183741.8040147,1746183721.8434741,1746180830.874519,0.00174,1.0,0.00174,1.0,0,0,0,False
1745532716.7702954,20,1746183741.863626,37.57,0.3607,37.5,38,1.9,0.004,0.0,0.38,0.03,2,1746183761.8367472,1746183721.8434741,1746180830.874519,0.00171,1.0,0.00171,1.0,0,0,0,False
1745532716.7702954,20,1746183761.8982255,37.62,0.35740000000000005,37.5,38,1.9,0.004,0.0,0.38,0.03,2,1746183781.8860843,1746183721.8434741,1746180830.874519,0.00177,1.0,0.00177,1.0,0,0,0,False
1745532716.7702954,20,1746183781.944857,37.58,0.3542,37.5,38,1.9,0.004,0.0,0.38,0.03,2,1746183801.9196188,1746183721.8434741,1746180830.874519,0.00165,1.0,0.00165,1.0,0,0,0,False
1745532716.7702954,20,1746183801.9877632,37.57,0.3517,37.5,38,1.9,0.004,0.0,0.38,0.03,2,1746183821.9281769,1746183721.8434741,1746180830.874519,0.00177,1.0,0.00177,1.0,0,0,0,False
1745532716.7702954,20,1746183822.0038953,37.55,0.3497,37.5,38,1.9,0.004,0.0,0.38,0.03,2,1746183841.9740276,1746183721.8434741,1746180830.874519,0.00186,1.0,0.00186,1.0,0,1,0,False
1745532716.7702954,20,1746183842.0413752,37.52,0.36560000000000004,37.5,38,1.9,0.004,0.0,0.38,0.03,2,1746183861.9836512,1746183721.8434741,1746180830.874519,0.00177,1.0,0.00177,1.0,0,0,0,False
1745532716.7702954,20,1746183862.0514386,37.49,0.36719999999999997,37.5,38,1.9,0.004,0.0,0.38,0.03,2,1746183881.9322455,1746183721.8434741,1746180830.874519,0.00177,1.0,0.00177,1.0,0,0,1,False
1745532716.7702954,20,1746183882.3627307,37.46,0.3651,37.5,38,1.9,0.004,0.0,0.38,0.03,2,1746183901.566617,1746183903.0510366,1746183902.4937398,0.00168,1.0,0.00168,1.0,0,0,1,False
1745532716.7702954,20,1746183903.0723572,37.41,0.3617,37.5,38,1.9,0.004,0.0,0.38,0.03,2,1746183923.0207036,1746183903.0510366,1746183902.4937398,1.0,1.0,1.0,1.0,0,0,1,False
1745532716.7702954,20,1746183923.4496033,37.42,0.35990000000000005,37.5,38,1.9,0.004,0.0,0.38,0.03,2,1746183943.3709393,1746183903.0510366,1746183902.4937398,1.0,1.0,1.0,1.0,0,0,1,False
1745532716.7702954,20,1746183943.809147,37.37,0.3586,37.5,38,1.9,0.004,0.0,0.38,0.03,2,1746183963.4293058,1746183903.0510366,1746183902.4937398,1.0,1.0,1.0,1.0,0,0,1,False
1745532716.7702954,20,1746183963.8616223,37.37,0.3566,37.5,38,1.9,0.004,0.0,0.38,0.03,2,1746183983.4820924,1746183903.0510366,1746183902.4937398,1.0,1.0,1.0,1.0,0,0,1,False
1745532716.7702954,20,1746183983.910796,37.34,0.3553,37.5,38,1.9,0.004,0.0,0.38,0.03,2,1746184003.525248,1746183903.0510366,1746183902.4937398,1.0,0.00177,1.0,0.00177,0,0,1,False
1745532716.7702954,20,1746184003.9601998,37.32,0.35380000000000006,37.5,38,1.9,0.004,0.0,0.38,0.03,2,1746184023.903212,1746183903.0510366,1746183902.4937398,1.0,0.00183,1.0,0.00183,0,0,1,False
1745532716.7702954,20,1746184024.3381796,37.35,0.3523,37.5,38,1.9,0.004,0.0,0.38,0.03,2,1746184044.3033578,1746183903.0510366,1746183902.4937398,1.0,0.00174,1.0,0.00174,0,0,1,False
1745532716.7702954,20,1746184044.7289863,37.37,0.35090000000000005,37.5,38,1.9,0.004,0.0,0.38,0.03,2,1746184064.6134117,1746183903.0510366,1746183902.4937398,1.0,0.00171,1.0,0.00171,0,0,1,False
1745532716.7702954,20,1746184065.0347068,37.35,0.3492,37.5,38,1.9,0.004,0.0,0.38,0.03,2,1746184084.9640079,1746184083.7113974,1746183902.4937398,1.0,0.0018,1.0,0.0018,False,True,1,False
1745532716.7702954,20,1746184085.3949327,37.38,0.3644,37.5,38,1.9,0.004,0.0,0.38,0.03,2,1746184105.1735272,1746184083.7113974,1746183902.4937398,1.0,0.00168,1.0,0.00168,0,0,1,False
1745532716.7702954,20,1746184105.606819,37.38,0.3713,37.5,38,1.9,0.004,0.0,0.38,0.03,2,1746184125.3044012,1746184083.7113974,1746183902.4937398,1.0,0.00177,1.0,0.00177,0,0,1,False
1745532716.7702954,20,1746184125.72921,37.39,0.3719,37.5,38,1.9,0.004,0.0,0.38,0.03,2,1746184145.3781643,1746184083.7113974,1746183902.4937398,1.0,0.00183,1.0,0.00183,0,0,1,False
1745532716.7702954,20,1746184145.8208249,37.39,0.37090000000000006,37.5,38,1.9,0.004,0.0,0.38,0.03,2,1746184165.618288,1746184083.7113974,1746183902.4937398,1.0,0.00177,1.0,0.00177,0,0,1,False
1745532716.7702954,20,1746184166.0712066,37.43,0.3685,37.5,38,1.9,0.004,0.0,0.38,0.03,2,1746184185.9665425,1746184083.7113974,1746183902.4937398,1.0,0.00174,1.0,0.00174,0,0,1,False
1745532716.7702954,20,1746184186.3844993,37.43,0.3664,37.5,38,1.9,0.004,0.0,0.38,0.03,2,1746184205.987328,1746184083.7113974,1746183902.4937398,1.0,0.00171,1.0,0.00171,0,0,1,False
1745532716.7702954,20,1746184206.4104807,37.45,0.36369999999999997,37.5,38,1.9,0.004,0.0,0.38,0.03,2,1746184226.383946,1746184083.7113974,1746183902.4937398,1.0,0.00171,1.0,0.00171,0,0,1,False
1745532716.7702954,20,1746184226.8061473,37.47,0.3616,37.5,38,1.9,0.004,0.0,0.38,0.03,2,1746184246.5976272,1746184083.7113974,1746183902.4937398,1.0,0.00168,1.0,0.00168,0,0,1,False
1745532716.7702954,20,1746184247.016505,37.5,0.3594,37.5,38,1.9,0.004,0.0,0.38,0.03,2,1746184266.8533099,1746184264.2769132,1746183902.4937398,1.0,0.00177,1.0,0.00177,0,0,0,False
1745532716.7702954,20,1746184267.0704982,37.53,0.3564,37.5,38,1.9,0.004,0.0,0.38,0.03,2,1746184287.0668564,1746184264.2769132,1746183902.4937398,1.0,0.00183,1.0,0.00183,0,0,0,False
1745532716.7702954,20,1746184287.1267214,37.58,0.354,37.5,38,1.9,0.004,0.0,0.38,0.03,2,1746184307.1235888,1746184264.2769132,1746183902.4937398,1.0,0.00177,1.0,0.00177,0,0,0,False
1745532716.7702954,20,1746184307.1821566,37.57,0.35159999999999997,37.5,38,1.9,0.004,0.0,0.38,0.03,2,1746184327.1826384,1746184264.2769132,1746183902.4937398,1.0,0.00171,1.0,0.00171,0,0,0,False
1745532716.7702954,20,1746184327.241782,37.59,0.3493,37.5,38,1.9,0.004,0.0,0.38,0.03,2,1746184347.1989343,1746184264.2769132,1746183902.4937398,1.0,0.00189,1.0,0.00189,0,1,0,False
1745532716.7702954,20,1746184347.2643642,37.6,0.3613,37.5,38,1.9,0.004,0.0,0.38,0.03,2,1746184367.232658,1746184264.2769132,1746183902.4937398,1.0,0.00177,1.0,0.00177,0,0,0,False
1745532716.7702954,20,1746184367.3045852,37.6,0.3711,37.5,38,1.9,0.004,0.0,0.38,0.03,2,1746184387.296309,1746184264.2769132,1746183902.4937398,1.0,0.00171,1.0,0.00171,0,0,0,False
1745532716.7702954,20,1746184387.3696222,37.53,0.37229999999999996,37.5,38,1.9,0.004,0.0,0.38,0.03,2,1746184407.3272395,1746184264.2769132,1746183902.4937398,1.0,0.0018,1.0,0.0018,0,0,0,False
1745532716.7702954,20,1746184407.387255,37.54,0.37090000000000006,37.5,38,1.9,0.004,0.0,0.38,0.03,2,1746184427.3659077,1746184264.2769132,1746183902.4937398,1.0,0.00171,1.0,0.00171,0,0,0,False
1745532716.7702954,20,1746184427.4376266,37.48,0.36840000000000006,37.5,38,1.9,0.004,0.0,0.38,0.03,2,1746184447.3275254,1746184445.1619744,1746183902.4937398,1.0,0.00183,1.0,0.00183,0,0,1,False
1745532716.7702954,20,1746184447.7574277,37.46,0.36560000000000004,37.5,38,1.9,0.004,0.0,0.38,0.03,2,1746184467.706046,1746184445.1619744,1746183902.4937398,1.0,0.00177,1.0,0.00177,0,0,1,False
1745532716.7702954,20,1746184468.1384926,37.42,0.36310000000000003,37.5,38,1.9,0.004,0.0,0.38,0.03,2,1746184487.925105,1746184445.1619744,1746183902.4937398,1.0,0.00186,1.0,0.00186,0,0,1,False
1745532716.7702954,20,1746184488.3786917,37.42,0.36119999999999997,37.5,38,1.9,0.004,0.0,0.38,0.03,2,1746184508.236149,1746184445.1619744,1746183902.4937398,1.0,0.00177,1.0,0.00177,0,0,1,False
1745532716.7702954,20,1746184508.7137933,37.41,0.359,37.5,38,1.9,0.004,0.0,0.38,0.03,2,1746184528.6262627,1746184445.1619744,1746183902.4937398,1.0,0.00177,1.0,0.00177,0,0,1,False
1745532716.7702954,20,1746184529.067303,37.4,0.35740000000000005,37.5,38,1.9,0.004,0.0,0.38,0.03,2,1746184549.0591288,1746184445.1619744,1746183902.4937398,1.0,0.00174,1.0,0.00174,0,0,1,False
1745532716.7702954,20,1746184549.4947155,37.4,0.3552,37.5,38,1.9,0.004,0.0,0.38,0.03,2,1746184569.4956706,1746184445.1619744,1746183902.4937398,1.0,0.00174,1.0,0.00174,0,0,1,False
1745532716.7702954,20,1746184569.9257832,37.39,0.35369999999999996,37.5,38,1.9,0.004,0.0,0.38,0.03,2,1746184589.5245125,1746184445.1619744,1746183902.4937398,1.0,0.0018,1.0,0.0018,0,0,1,False
1745532716.7702954,20,1746184589.9519444,37.39,0.3521,37.5,38,1.9,0.004,0.0,0.38,0.03,2,1746184609.8513446,1746184445.1619744,1746183902.4937398,1.0,0.00177,1.0,0.00177,0,0,1,False
1745532716.7702954,20,1746184610.3126526,37.4,0.3503,37.5,38,1.9,0.004,0.0,0.38,0.03,2,1746184630.0910199,1746184625.8773558,1746183902.4937398,1.0,0.00177,1.0,0.00177,0,0,1,False
1745532716.7702954,20,1746184630.512109,37.45,0.3519,37.5,38,1.9,0.004,0.0,0.38,0.03,2,1746184650.4895332,1746184625.8773558,1746183902.4937398,1.0,0.00174,1.0,0.00174,0,0,1,False
1745532716.7702954,20,1746184650.911099,37.43,0.36979999999999996,37.5,38,1.9,0.004,0.0,0.38,0.03,2,1746184670.508758,1746184625.8773558,1746183902.4937398,1.0,0.0018,1.0,0.0018,0,0,1,False
1745532716.7702954,20,1746184670.946322,37.45,0.3737,37.5,38,1.9,0.004,0.0,0.38,0.03,2,1746184690.6253338,1746184625.8773558,1746183902.4937398,1.0,0.00174,1.0,0.00174,0,0,1,False
1745532716.7702954,20,1746184691.0495691,37.47,0.37340000000000007,37.5,38,1.9,0.004,0.0,0.38,0.03,2,1746184710.797427,1746184625.8773558,1746183902.4937398,1.0,0.00177,1.0,0.00177,0,0,1,False
1745532716.7702954,20,1746184711.2317328,37.47,0.3719,37.5,38,1.9,0.004,0.0,0.38,0.03,2,1746184730.9414773,1746184625.8773558,1746183902.4937398,1.0,0.0018,1.0,0.0018,0,0,1,False
1745532716.7702954,20,1746184731.3696783,37.51,0.3694,37.5,38,1.9,0.004,0.0,0.38,0.03,2,1746184751.3320534,1746184625.8773558,1746183902.4937398,1.0,0.00183,1.0,0.00183,0,0,0,False
1745532716.7702954,20,1746184751.4013877,37.53,0.3669,37.5,38,1.9,0.004,0.0,0.38,0.03,2,1746184771.3659542,1746184625.8773558,1746183902.4937398,1.0,0.00183,1.0,0.00183,0,0,0,False
1745532716.7702954,20,1746184771.4326684,37.58,0.3641,37.5,38,1.9,0.004,0.0,0.38,0.03,2,1746184791.4044852,1746184625.8773558,1746183902.4937398,1.0,0.0018,1.0,0.0018,0,0,0,False
1745532716.7702954,20,1746184791.472689,37.58,0.3618,37.5,38,1.9,0.004,0.0,0.38,0.03,2,1746184811.4240544,1746184806.401485,1746183902.4937398,1.0,0.0018,1.0,0.0018,0,0,0,False
1745532716.7702954,20,1746184811.4908605,37.61,0.3578,37.5,38,1.9,0.004,0.0,0.38,0.03,2,1746184831.4433355,1746184806.401485,1746183902.4937398,1.0,0.00174,1.0,0.00174,0,0,0,False
1745532716.7702954,20,1746184831.5116553,37.59,0.3553,37.5,38,1.9,0.004,0.0,0.38,0.03,2,1746184851.507981,1746184806.401485,1746183902.4937398,1.0,0.00171,1.0,0.00171,0,0,0,False
1745532716.7702954,20,1746184851.5672874,37.55,0.353,37.5,38,1.9,0.004,0.0,0.38,0.03,2,1746184871.5171533,1746184806.401485,1746183902.4937398,1.0,0.00171,1.0,0.00171,0,0,0,False
1745532716.7702954,20,1746184871.58436,37.55,0.3506,37.5,38,1.9,0.004,0.0,0.38,0.03,2,1746184891.5516894,1746184806.401485,1746183902.4937398,1.0,0.00177,1.0,0.00177,0,0,0,False
1745532716.7702954,20,1746184891.6196535,37.56,0.3492,37.5,38,1.9,0.004,0.0,0.38,0.03,2,1746184911.5973258,1746184806.401485,1746183902.4937398,1.0,0.00189,1.0,0.00189,False,1,0,False
1745532716.7702954,20,1746184911.6666903,37.48,0.3674,37.5,38,1.9,0.004,0.0,0.38,0.03,2,1746184931.6026947,1746184806.401485,1746183902.4937398,1.0,0.00177,1.0,0.00177,0,0,1,False
1745532716.7702954,20,1746184932.0273013,37.46,0.37310000000000004,37.5,38,1.9,0.004,0.0,0.38,0.03,2,1746184951.8108852,1746184806.401485,1746183902.4937398,1.0,0.0018,1.0,0.0018,0,0,1,False
1745532716.7702954,20,1746184952.2378418,37.42,0.3735,37.5,38,1.9,0.004,0.0,0.38,0.03,2,1746184971.9478955,1746184806.401485,1746183902.4937398,1.0,0.00174,1.0,0.00174,0,0,1,False
1745532716.7702954,20,1746184972.3752468,37.42,0.3722,37.5,38,1.9,0.004,0.0,0.38,0.03,2,1746184991.9462886,1746184987.3169885,1746183902.4937398,1.0,0.00177,1.0,0.00177,0,0,1,False
1745532716.7702954,20,1746184992.385561,37.39,0.3694,37.5,38,1.9,0.004,0.0,0.38,0.03,2,1746185012.3220394,1746184987.3169885,1746183902.4937398,1.0,0.00183,1.0,0.00183,0,0,1,False
1745532716.7702954,20,1746185012.7638588,37.36,0.3674,37.5,38,1.9,0.004,0.0,0.38,0.03,2,1746185032.5002227,1746184987.3169885,1746183902.4937398,1.0,0.00174,1.0,0.00174,0,0,1,False
1745532716.7702954,20,1746185032.9146514,37.37,0.3653,37.5,38,1.9,0.004,0.0,0.38,0.03,2,1746185052.5455725,1746184987.3169885,1746183902.4937398,1.0,0.00177,1.0,0.00177,0,0,1,False
1745532716.7702954,20,1746185052.9608214,37.38,0.36310000000000003,37.5,38,1.9,0.004,0.0,0.38,0.03,2,1746185072.7009966,1746184987.3169885,1746183902.4937398,1.0,0.00174,1.0,0.00174,0,0,1,False
1745532716.7702954,20,1746185073.111873,37.37,0.36090000000000005,37.5,38,1.9,0.004,0.0,0.38,0.03,2,1746185092.735812,1746184987.3169885,1746183902.4937398,1.0,0.00177,1.0,0.00177,0,0,1,False
1745532716.7702954,20,1746185093.1771688,37.39,0.3591,37.5,38,1.9,0.004,0.0,0.38,0.03,2,1746185112.7930503,1746184987.3169885,1746183902.4937398,1.0,0.00174,1.0,0.00174,0,0,1,False
1745532716.7702954,20,1746185113.2181208,37.42,0.35700000000000004,37.5,38,1.9,0.004,0.0,0.38,0.03,2,1746185133.1606433,1746184987.3169885,1746183902.4937398,1.0,0.0018,1.0,0.0018,0,0,1,False
1745532716.7702954,20,1746185133.5856183,37.43,0.35479999999999995,37.5,38,1.9,0.004,0.0,0.38,0.03,2,1746185153.3377247,1746184987.3169885,1746183902.4937398,1.0,0.0018,1.0,0.0018,0,0,1,False
1745532716.7702954,20,1746185153.7489033,37.42,0.353,37.5,38,1.9,0.004,0.0,0.38,0.03,2,1746185173.6449983,1746185167.8608012,1746183902.4937398,1.0,0.00177,1.0,0.00177,0,0,1,False
1745532716.7702954,20,1746185174.055274,37.43,0.3502,37.5,38,1.9,0.004,0.0,0.38,0.03,2,1746185193.8703172,1746185167.8608012,1746183902.4937398,1.0,0.00177,1.0,0.00177,0,0,1,False
1745532716.7702954,20,1746185194.28856,37.48,0.35090000000000005,37.5,38,1.9,0.004,0.0,0.38,0.03,2,1746185214.192335,1746185167.8608012,1746183902.4937398,1.0,0.0018,1.0,0.0018,0,0,1,False
1745532716.7702954,20,1746185214.630421,37.5,0.3694,37.5,38,1.9,0.004,0.0,0.38,0.03,2,1746185233.9738178,1746185167.8608012,1746183902.4937398,1.0,0.00174,1.0,0.00174,0,0,1,False
1745532716.7702954,20,1746185234.8133762,37.5,0.37579999999999997,37.5,38,1.9,0.004,0.0,0.38,0.03,2,1746185254.689322,1746185167.8608012,1746183902.4937398,1.0,0.00171,1.0,0.00171,0,0,0,False
1745532716.7702954,20,1746185254.8792746,37.54,0.3755,37.5,38,1.9,0.004,0.0,0.38,0.03,2,1746185274.8427079,1746185167.8608012,1746183902.4937398,1.0,0.00177,1.0,0.00177,0,0,0,False
1745532716.7702954,20,1746185274.9175005,37.57,0.3729,37.5,38,1.9,0.004,0.0,0.38,0.03,2,1746185294.8894799,1746185167.8608012,1746183902.4937398,1.0,0.00177,1.0,0.00177,0,0,0,False
1745532716.7702954,20,1746185294.9559188,37.55,0.3705,37.5,38,1.9,0.004,0.0,0.38,0.03,2,1746185314.9249468,1746185167.8608012,1746183902.4937398,1.0,0.0018,1.0,0.0018,0,0,0,False
1745532716.7702954,20,1746185314.9926894,37.57,0.3675,37.5,38,1.9,0.004,0.0,0.38,0.03,2,1746185334.9551816,1746185167.8608012,1746183902.4937398,1.0,0.00174,1.0,0.00174,0,0,0,False
1745532716.7702954,20,1746185335.0323224,37.54,0.3643,37.5,38,1.9,0.004,0.0,0.38,0.03,2,1746185354.9862535,1746185348.3839798,1746183902.4937398,1.0,0.00174,1.0,0.00174,0,0,0,False
1745532716.7702954,20,1746185355.0545304,37.53,0.3608,37.5,38,1.9,0.004,0.0,0.38,0.03,2,1746185375.0224137,1746185348.3839798,1746183902.4937398,1.0,0.00174,1.0,0.00174,0,0,0,False
1745532716.7702954,20,1746185375.0823243,37.53,0.3577,37.5,38,1.9,0.004,0.0,0.38,0.03,2,1746185395.0602322,1746185348.3839798,1746183902.4937398,1.0,0.00174,1.0,0.00174,0,0,0,False
1745532716.7702954,20,1746185395.1308906,37.5,0.3553,37.5,38,1.9,0.004,0.0,0.38,0.03,2,1746185414.4488184,1746185348.3839798,1746183902.4937398,1.0,0.00171,1.0,0.00171,0,0,1,False
1745532716.7702954,20,1746185415.295381,37.47,0.3529,37.5,38,1.9,0.004,0.0,0.38,0.03,2,1746185434.9135935,1746185348.3839798,1746183902.4937398,1.0,0.00174,1.0,0.00174,0,0,1,False
1745532716.7702954,20,1746185435.3433287,37.43,0.3511,37.5,38,1.9,0.004,0.0,0.38,0.03,2,1746185455.2201533,1746185348.3839798,1746183902.4937398,1.0,0.00174,1.0,0.00174,0,0,1,False
1745532716.7702954,20,1746185455.6410027,37.45,0.3497,37.5,38,1.9,0.004,0.0,0.38,0.03,2,1746185475.351004,1746185348.3839798,1746183902.4937398,1.0,0.00183,1.0,0.00183,False,True,1,False
1745532716.7702954,20,1746185475.7872634,37.46,0.36210000000000003,37.5,38,1.9,0.004,0.0,0.38,0.03,2,1746185495.5139778,1746185348.3839798,1746183902.4937398,1.0,0.00177,1.0,0.00177,0,0,1,False
1745532716.7702954,20,1746185495.9394138,37.39,0.37200000000000005,37.5,38,1.9,0.004,0.0,0.38,0.03,2,1746185515.750028,1746185348.3839798,1746183902.4937398,1.0,0.00183,1.0,0.00183,0,0,1,False
1745532716.7702954,20,1746185516.1705658,37.42,0.3729,37.5,38,1.9,0.004,0.0,0.38,0.03,2,1746185535.8180263,1746185529.2308817,1746183902.4937398,1.0,0.00177,1.0,0.00177,0,0,1,False
1745532716.7702954,20,1746185536.2271297,37.42,0.3714,37.5,38,1.9,0.004,0.0,0.38,0.03,2,1746185555.9556396,1746185529.2308817,1746183902.4937398,1.0,0.00177,1.0,0.00177,0,0,1,False
1745532716.7702954,20,1746185556.382957,37.4,0.36920000000000003,37.5,38,1.9,0.004,0.0,0.38,0.03,2,1746185576.1670494,1746185529.2308817,1746183902.4937398,1.0,0.00171,1.0,0.00171,0,0,1,False
1745532716.7702954,20,1746185576.6196866,37.39,0.36710000000000004,37.5,38,1.9,0.004,0.0,0.38,0.03,2,1746185596.4893842,1746185529.2308817,1746183902.4937398,1.0,0.00174,1.0,0.00174,0,0,1,False
1745532716.7702954,20,1746185596.9271226,37.39,0.36469999999999997,37.5,38,1.9,0.004,0.0,0.38,0.03,2,1746185616.6060417,1746185529.2308817,1746183902.4937398,1.0,0.00177,1.0,0.00177,0,0,1,False
1745532716.7702954,20,1746185617.0466895,37.42,0.36229999999999996,37.5,38,1.9,0.004,0.0,0.38,0.03,2,1746185636.9121263,1746185529.2308817,1746183902.4937398,1.0,0.00171,1.0,0.00171,0,0,1,False
1745532716.7702954,20,1746185637.3736055,37.43,0.36,37.5,38,1.9,0.004,0.0,0.38,0.03,2,1746185657.374429,1746185529.2308817,1746183902.4937398,1.0,0.00171,1.0,0.00171,0,0,1,False
1745532716.7702954,20,1746185657.804085,37.47,0.3578,37.5,38,1.9,0.004,0.0,0.38,0.03,2,1746185677.7268002,1746185529.2308817,1746183902.4937398,1.0,0.00177,1.0,0.00177,0,0,1,False
1745532716.7702954,20,1746185678.1652944,37.48,0.3554,37.5,38,1.9,0.004,0.0,0.38,0.03,2,1746185698.0823417,1746185529.2308817,1746183902.4937398,1.0,0.00177,1.0,0.00177,0,0,1,False
1745532716.7702954,20,1746185698.527725,37.5,0.3533,37.5,38,1.9,0.004,0.0,0.38,0.03,2,1746185717.7783048,1746185710.0714736,1746183902.4937398,1.0,0.00168,1.0,0.00168,0,0,1,False
1745532716.7702954,20,1746185718.6561544,37.5,0.35090000000000005,37.5,38,1.9,0.004,0.0,0.38,0.03,2,1746185738.060188,1746185710.0714736,1746183902.4937398,1.0,0.00171,1.0,0.00171,0,0,1,False
1745532716.7702954,20,1746185738.9277263,37.57,0.34909999999999997,37.5,38,1.9,0.004,0.0,0.38,0.03,2,1746185758.9044526,1746185710.0714736,1746183902.4937398,1.0,0.00186,1.0,0.00186,0,1,0,False
1745532716.7702954,20,1746185758.9641485,37.58,0.3674,37.5,38,1.9,0.004,0.0,0.38,0.03,2,1746185778.947162,1746185710.0714736,1746183902.4937398,1.0,0.00177,1.0,0.00177,0,0,0,False
1745532716.7702954,20,1746185779.013448,37.57,0.37420000000000003,37.5,38,1.9,0.004,0.0,0.38,0.03,2,1746185799.0083847,1746185710.0714736,1746183902.4937398,1.0,0.00174,1.0,0.00174,0,0,0,False
1745532716.7702954,20,1746185799.0707822,37.55,0.3749,37.5,38,1.9,0.004,0.0,0.38,0.03,2,1746185819.0713713,1746185710.0714736,1746183902.4937398,1.0,0.0018,1.0,0.0018,0,0,0,False
1745532716.7702954,20,1746185819.1315663,37.58,0.3728,37.5,38,1.9,0.004,0.0,0.38,0.03,2,1746185839.104782,1746185710.0714736,1746183902.4937398,1.0,0.00177,1.0,0.00177,0,0,0,False
1745532716.7702954,20,1746185839.172396,37.55,0.3703,37.5,38,1.9,0.004,0.0,0.38,0.03,2,1746185859.1251574,1746185710.0714736,1746183902.4937398,1.0,0.00171,1.0,0.00171,0,0,0,False
1745532716.7702954,20,1746185859.2017252,37.5,0.3675,37.5,38,1.9,0.004,0.0,0.38,0.03,2,1746185878.8915691,1746185710.0714736,1746183902.4937398,1.0,0.00177,1.0,0.00177,0,0,0,False
1745532716.7702954,20,1746185879.2363338,37.51,0.36460000000000004,37.5,38,1.9,0.004,0.0,0.38,0.03,2,1746185899.2047343,1746185890.8169687,1746183902.4937398,1.0,0.00171,1.0,0.00171,0,0,0,False
1745532716.7702954,20,1746185899.287397,37.46,0.3616,37.5,38,1.9,0.004,0.0,0.38,0.03,2,1746185919.0229213,1746185890.8169687,1746183902.4937398,1.0,0.00171,1.0,0.00171,0,0,1,False
1745532716.7702954,20,1746185919.4469852,37.46,0.3594,37.5,38,1.9,0.004,0.0,0.38,0.03,2,1746185939.3145256,1746185890.8169687,1746183902.4937398,1.0,0.00183,1.0,0.00183,0,0,1,False
1745532716.7702954,20,1746185939.7456143,37.42,0.35740000000000005,37.5,38,1.9,0.004,0.0,0.38,0.03,2,1746185959.6038108,1746185890.8169687,1746183902.4937398,1.0,0.00177,1.0,0.00177,0,0,1,False
1745532716.7702954,20,1746185960.015784,37.45,0.3553,37.5,38,1.9,0.004,0.0,0.38,0.03,2,1746185979.8930821,1746185890.8169687,1746183902.4937398,1.0,0.00174,1.0,0.00174,0,0,1,False
1745532716.7702954,20,1746185980.3180263,37.43,0.35340000000000005,37.5,38,1.9,0.004,0.0,0.38,0.03,2,1746186000.296532,1746185890.8169687,1746183902.4937398,1.0,0.00174,1.0,0.00174,0,0,1,False
1745532716.7702954,20,1746186000.7169743,37.45,0.3515,37.5,38,1.9,0.004,0.0,0.38,0.03,2,1746186020.644667,1746185890.8169687,1746183902.4937398,1.0,0.00174,1.0,0.00174,0,0,1,False
1745532716.7702954,20,1746186021.066802,37.45,0.3498,37.5,38,1.9,0.004,0.0,0.38,0.03,2,1746186040.8890352,1746185890.8169687,1746183902.4937398,1.0,0.00177,1.0,0.00177,False,True,1,False
1745532716.7702954,20,1746186041.2983046,37.43,0.3556,37.5,38,1.9,0.004,0.0,0.38,0.03,2,1746186061.0009072,1746185890.8169687,1746183902.4937398,1.0,0.00174,1.0,0.00174,0,0,1,False
1745532716.7702954,20,1746186061.424355,37.46,0.37020000000000003,37.5,38,1.9,0.004,0.0,0.38,0.03,2,1746186081.204617,1746186071.3824308,1746183902.4937398,1.0,0.00177,1.0,0.00177,0,0,1,False
1745532716.7702954,20,1746186081.61815,37.47,0.3728,37.5,38,1.9,0.004,0.0,0.38,0.03,2,1746186101.3182352,1746186071.3824308,1746183902.4937398,1.0,0.00171,1.0,0.00171,0,0,1,False
1745532716.7702954,20,1746186101.7485971,37.46,0.37200000000000005,37.5,38,1.9,0.004,0.0,0.38,0.03,2,1746186121.445187,1746186071.3824308,1746183902.4937398,1.0,0.00174,1.0,0.00174,0,0,1,False
1745532716.7702954,20,1746186121.8652773,37.5,0.3699,37.5,38,1.9,0.004,0.0,0.38,0.03,2,1746186141.20607,1746186071.3824308,1746183902.4937398,1.0,0.0018,1.0,0.0018,0,0,1,False
1745532716.7702954,20,1746186142.0252304,37.5,0.3677,37.5,38,1.9,0.004,0.0,0.38,0.03,2,1746186161.4578168,1746186071.3824308,1746183902.4937398,1.0,0.00174,1.0,0.00174,0,0,1,False
1745532716.7702954,20,1746186162.28614,37.51,0.3654,37.5,38,1.9,0.004,0.0,0.38,0.03,2,1746186182.259705,1746186071.3824308,1746183902.4937398,1.0,0.00168,1.0,0.00168,0,0,0,False
1745532716.7702954,20,1746186182.3271444,37.57,0.3626,37.5,38,1.9,0.004,0.0,0.38,0.03,2,1746186202.2727149,1746186071.3824308,1746183902.4937398,1.0,0.00177,1.0,0.00177,0,0,0,False
1745532716.7702954,20,1746186202.3523254,37.57,0.36,37.5,38,1.9,0.004,0.0,0.38,0.03,2,1746186222.3192291,1746186071.3824308,1746183902.4937398,1.0,0.00177,1.0,0.00177,0,0,0,False
1745532716.7702954,20,1746186222.3937159,37.55,0.3575,37.5,38,1.9,0.004,0.0,0.38,0.03,2,1746186242.3956833,1746186071.3824308,1746183902.4937398,1.0,0.0018,1.0,0.0018,0,0,0,False
1745532716.7702954,20,1746186242.464474,37.59,0.3542,37.5,38,1.9,0.004,0.0,0.38,0.03,2,1746186262.4199252,1746186251.968213,1746183902.4937398,1.0,0.00174,1.0,0.00174,0,0,0,False
1745532716.7702954,20,1746186262.4972546,37.56,0.35119999999999996,37.5,38,1.9,0.004,0.0,0.38,0.03,2,1746186282.468357,1746186251.968213,1746183902.4937398,1.0,0.00171,1.0,0.00171,0,0,0,False
1745532716.7702954,20,1746186282.5370555,37.57,0.3492,37.5,38,1.9,0.004,0.0,0.38,0.03,2,1746186302.5077846,1746186251.968213,1746183902.4937398,1.0,0.00183,1.0,0.00183,0,1,0,False
1745532716.7702954,20,1746186302.5834055,37.55,0.36200000000000004,37.5,38,1.9,0.004,0.0,0.38,0.03,2,1746186322.5759976,1746186251.968213,1746183902.4937398,1.0,0.00177,1.0,0.00177,0,0,0,False
1745532716.7702954,20,1746186322.6365416,37.5,0.371,37.5,38,1.9,0.004,0.0,0.38,0.03,2,1746186342.3250701,1746186251.968213,1746183902.4937398,1.0,0.00171,1.0,0.00171,0,0,0,False
1745532716.7702954,20,1746186342.6452546,37.46,0.3726,37.5,38,1.9,0.004,0.0,0.38,0.03,2,1746186362.4480484,1746186251.968213,1746183902.4937398,1.0,0.00177,1.0,0.00177,0,0,1,False
1745532716.7702954,20,1746186362.8859084,37.42,0.3715,37.5,38,1.9,0.004,0.0,0.38,0.03,2,1746186382.504523,1746186251.968213,1746183902.4937398,1.0,0.00168,1.0,0.00168,0,0,1,False
1745532716.7702954,20,1746186382.9442422,37.4,0.36960000000000004,37.5,38,1.9,0.004,0.0,0.38,0.03,2,1746186402.807867,1746186251.968213,1746183902.4937398,1.0,0.00165,1.0,0.00165,0,0,1,False
1745532716.7702954,20,1746186403.2263286,37.42,0.3675,37.5,38,1.9,0.004,0.0,0.38,0.03,2,1746186423.1945326,1746186251.968213,1746183902.4937398,1.0,0.00189,1.0,0.00189,0,0,1,False
1745532716.7702954,20,1746186423.6127744,37.36,0.3649,37.5,38,1.9,0.004,0.0,0.38,0.03,2,1746186443.3660111,1746186432.8926115,1746183902.4937398,1.0,0.0018,1.0,0.0018,0,0,1,False
1745532716.7702954,20,1746186443.7936058,37.39,0.3619,37.5,38,1.9,0.004,0.0,0.38,0.03,2,1746186463.4600904,1746186432.8926115,1746183902.4937398,1.0,0.00177,1.0,0.00177,0,0,1,False
1745532716.7702954,20,1746186463.8797853,37.34,0.35990000000000005,37.5,38,1.9,0.004,0.0,0.38,0.03,2,1746186483.5515995,1746186432.8926115,1746183902.4937398,1.0,0.00177,1.0,0.00177,0,0,1,False
1745532716.7702954,20,1746186483.988596,37.39,0.3576,37.5,38,1.9,0.004,0.0,0.38,0.03,2,1746186503.612591,1746186432.8926115,1746183902.4937398,1.0,0.00177,1.0,0.00177,0,0,1,False
1745532716.7702954,20,1746186504.0400288,37.39,0.3553,37.5,38,1.9,0.004,0.0,0.38,0.03,2,1746186523.8019679,1746186432.8926115,1746183902.4937398,1.0,0.00183,1.0,0.00183,0,0,1,False
1745532716.7702954,20,1746186524.222839,37.42,0.35340000000000005,37.5,38,1.9,0.004,0.0,0.38,0.03,2,1746186544.0288098,1746186432.8926115,1746183902.4937398,1.0,0.00174,1.0,0.00174,0,0,1,False
1745532716.7702954,20,1746186544.4533954,37.43,0.35159999999999997,37.5,38,1.9,0.004,0.0,0.38,0.03,2,1746186564.1599522,1746186432.8926115,1746183902.4937398,1.0,0.00171,1.0,0.00171,0,0,1,False
1745532716.7702954,20,1746186564.5808663,37.43,0.3494,37.5,38,1.9,0.004,0.0,0.38,0.03,2,1746186584.3277025,1746186432.8926115,1746183902.4937398,1.0,0.00189,1.0,0.00189,False,True,1,False
1745532716.7702954,20,1746186584.7465227,37.45,0.35990000000000005,37.5,38,1.9,0.004,0.0,0.38,0.03,2,1746186604.4924424,1746186432.8926115,1746183902.4937398,1.0,0.00171,1.0,0.00171,0,0,1,False
1745532716.7702954,20,1746186604.9197733,37.48,0.37229999999999996,37.5,38,1.9,0.004,0.0,0.38,0.03,2,1746186624.9186995,1746186613.8102767,1746183902.4937398,1.0,0.00186,1.0,0.00186,0,0,1,False
1745532716.7702954,20,1746186625.3345795,37.47,0.3735,37.5,38,1.9,0.004,0.0,0.38,0.03,2,1746186645.1845615,1746186613.8102767,1746183902.4937398,1.0,0.00177,1.0,0.00177,0,0,1,False
1745532716.7702954,20,1746186645.615266,37.49,0.37229999999999996,37.5,38,1.9,0.004,0.0,0.38,0.03,2,1746186665.4115734,1746186613.8102767,1746183902.4937398,1.0,0.00177,1.0,0.00177,0,0,1,False
1745532716.7702954,20,1746186665.8742404,37.53,0.3701,37.5,38,1.9,0.004,0.0,0.38,0.03,2,1746186685.8712773,1746186613.8102767,1746183902.4937398,1.0,0.00183,1.0,0.00183,0,0,0,False
1745532716.7702954,20,1746186685.9385478,37.56,0.36710000000000004,37.5,38,1.9,0.004,0.0,0.38,0.03,2,1746186705.905404,1746186613.8102767,1746183902.4937398,1.0,0.00174,1.0,0.00174,0,0,0,False
1745532716.7702954,20,1746186705.9746206,37.55,0.3641,37.5,38,1.9,0.004,0.0,0.38,0.03,2,1746186725.9684975,1746186613.8102767,1746183902.4937398,1.0,0.00171,1.0,0.00171,0,0,0,False
1745532716.7702954,20,1746186726.0292065,37.54,0.3615,37.5,38,1.9,0.004,0.0,0.38,0.03,2,1746186746.0098674,1746186613.8102767,1746183902.4937398,1.0,0.00174,1.0,0.00174,0,0,0,False
1745532716.7702954,20,1746186746.0776753,37.59,0.3582,37.5,38,1.9,0.004,0.0,0.38,0.03,2,1746186766.0436246,1746186613.8102767,1746183902.4937398,1.0,0.00174,1.0,0.00174,0,0,0,False
1745532716.7702954,20,1746186766.1219628,37.57,0.3556,37.5,38,1.9,0.004,0.0,0.38,0.03,2,1746186786.1045518,1746186613.8102767,1746183902.4937398,1.0,0.00171,1.0,0.00171,0,0,0,False
1745532716.7702954,20,1746186786.170088,37.5,0.353,37.5,38,1.9,0.004,0.0,0.38,0.03,2,1746186806.0635908,1746186794.402016,1746183902.4937398,1.0,0.00174,1.0,0.00174,0,0,0,False
1745532716.7702954,20,1746186806.2000325,37.48,0.3498,37.5,38,1.9,0.004,0.0,0.38,0.03,2,1746186825.8894718,1746186794.402016,1746183902.4937398,1.0,0.00189,1.0,0.00189,False,True,1,False
1745532716.7702954,20,1746186826.3304772,37.45,0.3558,37.5,38,1.9,0.004,0.0,0.38,0.03,2,1746186845.9491322,1746186794.402016,1746183902.4937398,1.0,0.00183,1.0,0.00183,0,0,1,False
1745532716.7702954,20,1746186846.3626528,37.48,0.371,37.5,38,1.9,0.004,0.0,0.38,0.03,2,1746186866.2718186,1746186794.402016,1746183902.4937398,1.0,0.0018,1.0,0.0018,0,0,1,False
1745532716.7702954,20,1746186866.696456,37.42,0.3741,37.5,38,1.9,0.004,0.0,0.38,0.03,2,1746186886.679223,1746186794.402016,1746183902.4937398,1.0,0.00177,1.0,0.00177,0,0,1,False
1745532716.7702954,20,1746186887.1004946,37.39,0.37329999999999997,37.5,38,1.9,0.004,0.0,0.38,0.03,2,1746186907.0524392,1746186794.402016,1746183902.4937398,1.0,0.00174,1.0,0.00174,0,0,1,False
1745532716.7702954,20,1746186907.4818199,37.39,0.3714,37.5,38,1.9,0.004,0.0,0.38,0.03,2,1746186927.2250676,1746186794.402016,1746183902.4937398,1.0,0.0018,1.0,0.0018,0,0,1,False
1745532716.7702954,20,1746186927.635499,37.41,0.3691,37.5,38,1.9,0.004,0.0,0.38,0.03,2,1746186947.6325037,1746186794.402016,1746183902.4937398,1.0,0.00174,1.0,0.00174,0,0,1,False
1745532716.7702954,20,1746186948.0526028,37.37,0.3669,37.5,38,1.9,0.004,0.0,0.38,0.03,2,1746186967.8177598,1746186794.402016,1746183902.4937398,1.0,0.00171,1.0,0.00171,0,0,1,False
1745532716.7702954,20,1746186968.2451465,37.39,0.3638,37.5,38,1.9,0.004,0.0,0.38,0.03,2,1746186988.210568,1746186975.5193684,1746186974.9743133,1.0,1.0,1.0,1.0,0,0,1,False
1745532716.7702954,20,1746186988.6231499,37.39,0.3607,37.5,38,1.9,0.004,0.0,0.38,0.03,2,1746187008.2729182,1746186975.5193684,1746186974.9743133,1.0,1.0,1.0,1.0,0,0,1,False
1745532716.7702954,20,1746187008.684216,37.38,0.3582,37.5,38,1.9,0.004,0.0,0.38,0.03,2,1746187028.3622286,1746186975.5193684,1746186974.9743133,1.0,1.0,1.0,1.0,0,0,1,False
1745532716.7702954,20,1746187028.775122,37.43,0.3556,37.5,38,1.9,0.004,0.0,0.38,0.03,2,1746187048.5334682,1746186975.5193684,1746186974.9743133,1.0,1.0,1.0,1.0,0,0,1,False
1745532716.7702954,20,1746187048.9568453,37.43,0.3518,37.5,38,1.9,0.004,0.0,0.38,0.03,2,1746187068.7176592,1746186975.5193684,1746186974.9743133,0.00165,1.0,0.00165,1.0,0,0,1,False
1745532716.7702954,20,1746187069.13944,37.45,0.3493,37.5,38,1.9,0.004,0.0,0.38,0.03,2,1746187088.8333397,1746186975.5193684,1746186974.9743133,0.00183,1.0,0.00183,1.0,False,True,1,False
1745532716.7702954,20,1746187089.261597,37.53,0.3683,37.5,38,1.9,0.004,0.0,0.38,0.03,2,1746187109.1957328,1746186975.5193684,1746186974.9743133,0.00177,1.0,0.00177,1.0,0,0,0,False
1745532716.7702954,20,1746187109.2717707,37.53,0.3694,37.5,38,1.9,0.004,0.0,0.38,0.03,2,1746187129.2306654,1746186975.5193684,1746186974.9743133,0.00174,1.0,0.00174,1.0,0,0,0,False
1745532716.7702954,20,1746187129.299422,37.59,0.3661,37.5,38,1.9,0.004,0.0,0.38,0.03,2,1746187149.2754807,1746186975.5193684,1746186974.9743133,0.00174,1.0,0.00174,1.0,0,0,0,False
1745532716.7702954,20,1746187149.3426194,37.65,0.3618,37.5,38,1.9,0.004,0.0,0.38,0.03,2,1746187169.3383968,1746187156.068556,1746186974.9743133,0.00171,1.0,0.00171,1.0,0,0,0,False
1745532716.7702954,20,1746187169.4102323,37.66,0.35729999999999995,37.5,38,1.9,0.004,0.0,0.38,0.03,2,1746187189.3651953,1746187156.068556,1746186974.9743133,0.00168,1.0,0.00168,1.0,0,0,0,False
1745532716.7702954,20,1746187189.4360545,37.66,0.354,37.5,38,1.9,0.004,0.0,0.38,0.03,2,1746187209.401771,1746187156.068556,1746186974.9743133,0.00174,1.0,0.00174,1.0,0,0,0,False
1745532716.7702954,20,1746187209.4710727,37.63,0.3511,37.5,38,1.9,0.004,0.0,0.38,0.03,2,1746187229.421956,1746187156.068556,1746186974.9743133,0.00171,1.0,0.00171,1.0,0,0,0,False
1745532716.7702954,20,1746187229.4883158,37.64,0.3506,37.5,38,1.9,0.004,0.0,0.38,0.03,2,1746187249.446593,1746187156.068556,1746186974.9743133,0.00171,1.0,0.00171,1.0,0,0,0,False
1745532716.7702954,20,1746187249.5099812,37.61,0.36840000000000006,37.5,38,1.9,0.004,0.0,0.38,0.03,2,1746187269.4855783,1746187156.068556,1746186974.9743133,0.0018,1.0,0.0018,1.0,0,0,0,False
1745532716.7702954,20,1746187269.5528853,37.57,0.3682,37.5,38,1.9,0.004,0.0,0.38,0.03,2,1746187289.5339239,1746187156.068556,1746186974.9743133,0.00174,1.0,0.00174,1.0,0,0,0,False
1745532716.7702954,20,1746187289.598093,37.49,0.3655,37.5,38,1.9,0.004,0.0,0.38,0.03,2,1746187309.292163,1746187156.068556,1746186974.9743133,0.00177,1.0,0.00177,1.0,0,0,1,False
1745532716.7702954,20,1746187309.708824,37.47,0.3626,37.5,38,1.9,0.004,0.0,0.38,0.03,2,1746187329.6825962,1746187156.068556,1746186974.9743133,0.00171,1.0,0.00171,1.0,0,0,1,False
1745532716.7702954,20,1746187330.1112442,37.39,0.35960000000000003,37.5,38,1.9,0.004,0.0,0.38,0.03,2,1746187349.849057,1746187336.890155,1746186974.9743133,0.0018,1.0,0.0018,1.0,0,0,1,False
1745532716.7702954,20,1746187350.2622519,37.39,0.3572,37.5,38,1.9,0.004,0.0,0.38,0.03,2,1746187370.0231707,1746187336.890155,1746186974.9743133,0.00168,1.0,0.00168,1.0,0,0,1,False
1745532716.7702954,20,1746187370.4524884,37.42,0.3546,37.5,38,1.9,0.004,0.0,0.38,0.03,2,1746187390.1778517,1746187336.890155,1746186974.9743133,0.00174,1.0,0.00174,1.0,0,0,1,False
1745532716.7702954,20,1746187390.615384,37.37,0.3525,37.5,38,1.9,0.004,0.0,0.38,0.03,2,1746187410.4141583,1746187336.890155,1746186974.9743133,0.00171,1.0,0.00171,1.0,0,0,1,False
1745532716.7702954,20,1746187410.836575,37.4,0.3502,37.5,38,1.9,0.004,0.0,0.38,0.03,2,1746187430.4555779,1746187336.890155,1746186974.9743133,0.00171,1.0,0.00171,1.0,0,0,1,False
1745532716.7702954,20,1746187430.8752422,37.4,0.3557,37.5,38,1.9,0.004,0.0,0.38,0.03,2,1746187450.515554,1746187336.890155,1746186974.9743133,0.00165,1.0,0.00165,1.0,0,0,1,False
1745532716.7702954,20,1746187450.9530518,37.42,0.37090000000000006,37.5,38,1.9,0.004,0.0,0.38,0.03,2,1746187470.8360271,1746187336.890155,1746186974.9743133,0.00174,1.0,0.00174,1.0,0,0,1,False
1745532716.7702954,20,1746187471.2714777,37.43,0.37,37.5,38,1.9,0.004,0.0,0.38,0.03,2,1746187490.9074507,1746187336.890155,1746186974.9743133,0.00177,1.0,0.00177,1.0,0,0,1,False
1745532716.7702954,20,1746187491.3280604,37.45,0.3674,37.5,38,1.9,0.004,0.0,0.38,0.03,2,1746187511.1930964,1746187336.890155,1746186974.9743133,0.00177,1.0,0.00177,1.0,0,0,1,False
1745532716.7702954,20,1746187511.6217237,37.46,0.36340000000000006,37.5,38,1.9,0.004,0.0,0.38,0.03,2,1746187531.2018857,1746187517.6367598,1746186974.9743133,0.00177,1.0,0.00177,1.0,0,0,1,False
1745532716.7702954,20,1746187531.6316392,37.47,0.35950000000000004,37.5,38,1.9,0.004,0.0,0.38,0.03,2,1746187551.222353,1746187517.6367598,1746186974.9743133,0.00174,1.0,0.00174,1.0,0,0,1,False
1745532716.7702954,20,1746187551.652208,37.5,0.3564,37.5,38,1.9,0.004,0.0,0.38,0.03,2,1746187571.3804827,1746187517.6367598,1746186974.9743133,0.00171,1.0,0.00171,1.0,0,0,0,False
1745532716.7702954,20,1746187571.7103155,37.58,0.35340000000000005,37.5,38,1.9,0.004,0.0,0.38,0.03,2,1746187591.6804147,1746187517.6367598,1746186974.9743133,0.00168,1.0,0.00168,1.0,0,0,0,False
1745532716.7702954,20,1746187591.7469518,37.62,0.3506,37.5,38,1.9,0.004,0.0,0.38,0.03,2,1746187611.6960242,1746187517.6367598,1746186974.9743133,0.00171,1.0,0.00171,1.0,0,0,0,False
1745532716.7702954,20,1746187611.7752714,37.61,0.3605,37.5,38,1.9,0.004,0.0,0.38,0.03,2,1746187631.7385566,1746187517.6367598,1746186974.9743133,0.00174,1.0,0.00174,1.0,0,0,0,False
1745532716.7702954,20,1746187631.8101788,37.63,0.37020000000000003,37.5,38,1.9,0.004,0.0,0.38,0.03,2,1746187651.757836,1746187517.6367598,1746186974.9743133,0.00174,1.0,0.00174,1.0,0,0,0,False
1745532716.7702954,20,1746187651.8250213,37.62,0.3685,37.5,38,1.9,0.004,0.0,0.38,0.03,2,1746187671.775379,1746187517.6367598,1746186974.9743133,0.00177,1.0,0.00177,1.0,0,0,0,False
1745532716.7702954,20,1746187671.844114,37.54,0.3652,37.5,38,1.9,0.004,0.0,0.38,0.03,2,1746187691.8164907,1746187517.6367598,1746186974.9743133,0.0018,1.0,0.0018,1.0,0,0,0,False
1745532716.7702954,20,1746187691.8839426,37.51,0.3616,37.5,38,1.9,0.004,0.0,0.38,0.03,2,1746187711.838781,1746187698.2088115,1746186974.9743133,0.00168,1.0,0.00168,1.0,0,0,0,False
1745532716.7702954,20,1746187711.90693,37.45,0.3582,37.5,38,1.9,0.004,0.0,0.38,0.03,2,1746187731.5946767,1746187698.2088115,1746186974.9743133,0.00168,1.0,0.00168,1.0,0,0,1,False
1745532716.7702954,20,1746187732.0046546,37.46,0.3552,37.5,38,1.9,0.004,0.0,0.38,0.03,2,1746187751.8566284,1746187698.2088115,1746186974.9743133,0.00174,1.0,0.00174,1.0,0,0,1,False
1745532716.7702954,20,1746187752.2786376,37.42,0.3533,37.5,38,1.9,0.004,0.0,0.38,0.03,2,1746187771.8806798,1746187698.2088115,1746186974.9743133,0.00165,1.0,0.00165,1.0,0,0,1,False
1745532716.7702954,20,1746187772.3024662,37.42,0.35100000000000003,37.5,38,1.9,0.004,0.0,0.38,0.03,2,1746187792.2180467,1746187698.2088115,1746186974.9743133,0.00171,1.0,0.00171,1.0,0,0,1,False
1745532716.7702954,20,1746187792.6408565,37.42,0.3503,37.5,38,1.9,0.004,0.0,0.38,0.03,2,1746187812.5097766,1746187698.2088115,1746186974.9743133,0.00177,1.0,0.00177,1.0,0,0,1,False
1745532716.7702954,20,1746187812.919808,37.42,0.36619999999999997,37.5,38,1.9,0.004,0.0,0.38,0.03,2,1746187832.9174376,1746187698.2088115,1746186974.9743133,0.00174,1.0,0.00174,1.0,0,0,1,False
1745532716.7702954,20,1746187833.331011,37.38,0.36600000000000005,37.5,38,1.9,0.004,0.0,0.38,0.03,2,1746187852.9931178,1746187698.2088115,1746186974.9743133,0.00177,1.0,0.00177,1.0,0,0,1,False
1745532716.7702954,20,1746187853.4067636,37.38,0.36369999999999997,37.5,38,1.9,0.004,0.0,0.38,0.03,2,1746187873.065446,1746187698.2088115,1746186974.9743133,0.00177,1.0,0.00177,1.0,0,0,1,False
1745532716.7702954,20,1746187873.4767094,37.4,0.3603,37.5,38,1.9,0.004,0.0,0.38,0.03,2,1746187893.2975404,1746187878.9462752,1746186974.9743133,0.00174,1.0,0.00174,1.0,0,0,1,False
1745532716.7702954,20,1746187893.716564,37.43,0.3569,37.5,38,1.9,0.004,0.0,0.38,0.03,2,1746187913.3841739,1746187878.9462752,1746186974.9743133,0.00168,1.0,0.00168,1.0,0,0,1,False
1745532716.7702954,20,1746187913.8063743,37.45,0.354,37.5,38,1.9,0.004,0.0,0.38,0.03,2,1746187933.4230816,1746187878.9462752,1746186974.9743133,0.00174,1.0,0.00174,1.0,0,0,1,False
1745532716.7702954,20,1746187933.8352044,37.51,0.3517,37.5,38,1.9,0.004,0.0,0.38,0.03,2,1746187953.8048687,1746187878.9462752,1746186974.9743133,0.00162,1.0,0.00162,1.0,0,0,0,False
1745532716.7702954,20,1746187953.8636575,37.5,0.3494,37.5,38,1.9,0.004,0.0,0.38,0.03,2,1746187973.2767024,1746187878.9462752,1746186974.9743133,0.0018,1.0,0.0018,1.0,False,True,1,False
1745532716.7702954,20,1746187974.111148,37.43,0.26489999999999997,37.5,38,1.9,0.004,0.0,0.38,0.03,2,1746187993.8925471,1746187878.9462752,1746186974.9743133,1.0,1.0,1.0,1.0,False,True,1,False
1745532716.7702954,20,1746187994.3090925,37.11,0.2446,37.5,38,1.9,0.004,0.0,0.38,0.03,2,1746188013.990752,1746187878.9462752,1746186974.9743133,1.0,1.0,1.0,1.0,False,True,1,False
1745532716.7702954,20,1746188014.4098809,36.58,0.2736,37.5,38,1.9,0.004,0.0,0.38,0.03,2,1746188034.1104753,1746187878.9462752,1746186974.9743133,1.0,1.0,1.0,1.0,False,True,1,False
1745532716.7702954,20,1746188034.5232685,36.14,0.3236,37.5,38,1.9,0.004,0.0,0.38,0.03,2,1746188054.3126495,1746187878.9462752,1746186974.9743133,1.0,1.0,1.0,1.0,False,True,1,False
1745532716.7702954,20,1746188054.7322345,35.73,0.3676,37.5,38,1.9,0.004,0.0,0.38,0.03,2,1746188074.3980744,1746188059.4755275,1746186974.9743133,1.0,1.0,1.0,1.0,0,0,1,False
1745532716.7702954,20,1746188074.8272567,35.41,0.3986,37.5,38,1.9,0.004,0.0,0.38,0.03,2,1746188094.682134,1746188059.4755275,1746186974.9743133,1.0,1.0,1.0,1.0,0,0,1,False
1745532716.7702954,20,1746188095.112103,35.17,0.4092,37.5,38,1.9,0.004,0.0,0.38,0.03,2,1746188114.7343686,1746188059.4755275,1746186974.9743133,1.0,1.0,1.0,1.0,0,0,1,False
1745532716.7702954,20,1746188115.1467664,34.95,0.4114,37.5,38,1.9,0.004,0.0,0.38,0.03,2,1746188135.1048367,1746188059.4755275,1746186974.9743133,1.0,1.0,1.0,1.0,0,0,1,False
1745532716.7702954,20,1746188135.5234044,34.75,0.4112,37.5,38,1.9,0.004,0.0,0.38,0.03,2,1746188155.368029,1746188059.4755275,1746186974.9743133,1.0,1.0,1.0,1.0,0,0,1,False
1745532716.7702954,20,1746188155.7837129,34.66,0.41100000000000003,37.5,38,1.9,0.004,0.0,0.38,0.03,2,1746188175.6197338,1746188059.4755275,1746186974.9743133,1.0,1.0,1.0,1.0,0,0,1,False
1745532716.7702954,20,1746188176.0667276,34.55,0.4097,37.5,38,1.9,0.004,0.0,0.38,0.03,2,1746188195.9230945,1746188059.4755275,1746186974.9743133,1.0,1.0,1.0,1.0,0,0,1,False
1745532716.7702954,20,1746188196.3512158,34.45,0.40880000000000005,37.5,38,1.9,0.004,0.0,0.38,0.03,2,1746188216.2923975,1746188059.4755275,1746186974.9743133,1.0,1.0,1.0,1.0,0,0,1,False
1745532716.7702954,20,1746188216.715618,34.37,0.4078,37.5,38,1.9,0.004,0.0,0.38,0.03,2,1746188236.5330298,1746188059.4755275,1746186974.9743133,1.0,1.0,1.0,1.0,0,0,1,False
1745532716.7702954,20,1746188236.9719503,34.36,0.4068,37.5,38,1.9,0.004,0.0,0.38,0.03,2,1746188256.6384718,1746188240.1211262,1746186974.9743133,1.0,1.0,1.0,1.0,0,0,1,False
1745532716.7702954,20,1746188257.0686474,34.29,0.4054,37.5,38,1.9,0.004,0.0,0.38,0.03,2,1746188277.0051613,1746188240.1211262,1746186974.9743133,1.0,1.0,1.0,1.0,0,0,1,False
1745532716.7702954,20,1746188277.427234,34.28,0.4044,37.5,38,1.9,0.004,0.0,0.38,0.03,2,1746188297.2876973,1746188240.1211262,1746186974.9743133,1.0,1.0,1.0,1.0,0,0,1,False
1745532716.7702954,20,1746188297.7081358,34.25,0.40340000000000004,37.5,38,1.9,0.004,0.0,0.38,0.03,2,1746188317.4824255,1746188240.1211262,1746186974.9743133,1.0,1.0,1.0,1.0,0,0,1,False
1745532716.7702954,20,1746188317.9242887,34.23,0.4022,37.5,38,1.9,0.004,0.0,0.38,0.03,2,1746188337.6202884,1746188240.1211262,1746186974.9743133,1.0,1.0,1.0,1.0,0,0,1,False
1745532716.7702954,20,1746188338.0398095,34.23,0.40149999999999997,37.5,38,1.9,0.004,0.0,0.38,0.03,2,1746188357.6902075,1746188240.1211262,1746186974.9743133,1.0,1.0,1.0,1.0,0,0,1,False
1745532716.7702954,20,1746188358.102394,34.21,0.40049999999999997,37.5,38,1.9,0.004,0.0,0.38,0.03,2,1746188378.0970523,1746188240.1211262,1746186974.9743133,1.0,1.0,1.0,1.0,0,0,1,False
1745532716.7702954,20,1746188378.5198982,34.24,0.39909999999999995,37.5,38,1.9,0.004,0.0,0.38,0.03,2,1746188398.2205644,1746188240.1211262,1746186974.9743133,1.0,1.0,1.0,1.0,0,0,1,False
1745532716.7702954,20,1746188398.6366253,34.2,0.3982,37.5,38,1.9,0.004,0.0,0.38,0.03,2,1746188418.3524718,1746188240.1211262,1746186974.9743133,1.0,1.0,1.0,1.0,0,0,1,False
1745532716.7702954,20,1746188418.780616,34.21,0.39630000000000004,37.5,38,1.9,0.004,0.0,0.38,0.03,2,1746188438.6937566,1746188420.9819493,1746186974.9743133,1.0,1.0,1.0,1.0,0,0,1,False
1745532716.7702954,20,1746188439.1239235,34.21,0.3943,37.5,38,1.9,0.004,0.0,0.38,0.03,2,1746188458.8112984,1746188420.9819493,1746186974.9743133,1.0,1.0,1.0,1.0,0,0,1,False
1745532716.7702954,20,1746188459.2341704,34.21,0.3934,37.5,38,1.9,0.004,0.0,0.38,0.03,2,1746188479.1437,1746188420.9819493,1746186974.9743133,1.0,1.0,1.0,1.0,0,0,1,False
1745532716.7702954,20,1746188479.568439,34.22,0.3918,37.5,38,1.9,0.004,0.0,0.38,0.03,2,1746188499.330875,1746188420.9819493,1746186974.9743133,1.0,1.0,1.0,1.0,0,0,1,False
1745532716.7702954,20,1746188499.7542303,34.21,0.3904,37.5,38,1.9,0.004,0.0,0.38,0.03,2,1746188519.6333625,1746188420.9819493,1746186974.9743133,1.0,1.0,1.0,1.0,0,0,1,False
1745532716.7702954,20,1746188520.0626504,34.23,0.389,37.5,38,1.9,0.004,0.0,0.38,0.03,2,1746188539.6638575,1746188420.9819493,1746186974.9743133,1.0,1.0,1.0,1.0,0,0,1,False
1745532716.7702954,20,1746188540.0852334,34.26,0.38780000000000003,37.5,38,1.9,0.004,0.0,0.38,0.03,2,1746188559.7826147,1746188420.9819493,1746186974.9743133,1.0,1.0,1.0,1.0,0,0,1,False
1745532716.7702954,20,1746188560.2070591,34.26,0.3862,37.5,38,1.9,0.004,0.0,0.38,0.03,2,1746188580.1333416,1746188420.9819493,1746186974.9743133,1.0,1.0,1.0,1.0,0,0,1,False
1745532716.7702954,20,1746188580.5555246,34.25,0.3848,37.5,38,1.9,0.004,0.0,0.38,0.03,2,1746188600.4826238,1746188420.9819493,1746186974.9743133,1.0,1.0,1.0,1.0,0,0,1,False
1745532716.7702954,20,1746188600.905708,34.3,0.383,37.5,38,1.9,0.004,0.0,0.38,0.03,2,1746188620.8720253,1746188601.8400369,1746186974.9743133,1.0,1.0,1.0,1.0,0,0,1,False
1745532716.7702954,20,1746188621.286261,34.31,0.3815,37.5,38,1.9,0.004,0.0,0.38,0.03,2,1746188640.9095044,1746188601.8400369,1746186974.9743133,1.0,1.0,1.0,1.0,0,0,1,False
1745532716.7702954,20,1746188641.327994,34.32,0.38020000000000004,37.5,38,1.9,0.004,0.0,0.38,0.03,2,1746188661.0419023,1746188601.8400369,1746186974.9743133,1.0,1.0,1.0,1.0,0,0,1,False
1745532716.7702954,20,1746188661.4691002,34.37,0.37840000000000007,37.5,38,1.9,0.004,0.0,0.38,0.03,2,1746188681.1467004,1746188601.8400369,1746186974.9743133,1.0,1.0,1.0,1.0,0,0,1,False
1745532716.7702954,20,1746188681.5663588,34.34,0.3774,37.5,38,1.9,0.004,0.0,0.38,0.03,2,1746188701.305266,1746188601.8400369,1746186974.9743133,1.0,1.0,1.0,1.0,0,0,1,False
1745532716.7702954,20,1746188701.7286692,34.37,0.37579999999999997,37.5,38,1.9,0.004,0.0,0.38,0.03,2,1746188721.4110336,1746188601.8400369,1746186974.9743133,1.0,1.0,1.0,1.0,0,0,1,False
1745532716.7702954,20,1746188721.8257883,34.4,0.37479999999999997,37.5,38,1.9,0.004,0.0,0.38,0.03,2,1746188741.5554976,1746188601.8400369,1746186974.9743133,1.0,1.0,1.0,1.0,0,0,1,False
1745532716.7702954,20,1746188741.9671335,34.4,0.37340000000000007,37.5,38,1.9,0.004,0.0,0.38,0.03,2,1746188761.680472,1746188601.8400369,1746186974.9743133,1.0,1.0,1.0,1.0,0,0,1,False
1745532716.7702954,20,1746188762.0910323,34.45,0.37210000000000004,37.5,38,1.9,0.004,0.0,0.38,0.03,2,1746188781.81302,1746188782.739365,1746186974.9743133,1.0,1.0,1.0,1.0,0,0,1,False
1745532716.7702954,20,1746188782.747391,34.43,0.37,37.5,38,1.9,0.004,0.0,0.38,0.03,2,1746188802.4350996,1746188782.739365,1746186974.9743133,1.0,1.0,1.0,1.0,0,0,1,False
1745532716.7702954,20,1746188802.8498487,34.46,0.36840000000000006,37.5,38,1.9,0.004,0.0,0.38,0.03,2,1746188822.5359635,1746188782.739365,1746186974.9743133,1.0,1.0,1.0,1.0,0,0,1,False
1745532716.7702954,20,1746188822.9466,34.47,0.36719999999999997,37.5,38,1.9,0.004,0.0,0.38,0.03,2,1746188842.7348166,1746188782.739365,1746186974.9743133,1.0,1.0,1.0,1.0,0,0,1,False
1745532716.7702954,20,1746188843.1516345,34.49,0.3663,37.5,38,1.9,0.004,0.0,0.38,0.03,2,1746188862.8610425,1746188782.739365,1746186974.9743133,1.0,1.0,1.0,1.0,0,0,1,False
1745532716.7702954,20,1746188863.2822611,34.55,0.36479999999999996,37.5,38,1.9,0.004,0.0,0.38,0.03,2,1746188883.0290837,1746188782.739365,1746186974.9743133,1.0,1.0,1.0,1.0,0,0,1,False
1745532716.7702954,20,1746188883.4407322,34.51,0.36350000000000005,37.5,38,1.9,0.004,0.0,0.38,0.03,2,1746188903.2154224,1746188782.739365,1746186974.9743133,1.0,1.0,1.0,1.0,0,0,1,False
1745532716.7702954,20,1746188903.635561,34.58,0.36229999999999996,37.5,38,1.9,0.004,0.0,0.38,0.03,2,1746188923.3587563,1746188782.739365,1746186974.9743133,1.0,1.0,1.0,1.0,0,0,1,False
1745532716.7702954,20,1746188923.7811882,34.62,0.3611,37.5,38,1.9,0.004,0.0,0.38,0.03,2,1746188943.4567177,1746188782.739365,1746186974.9743133,1.0,1.0,1.0,1.0,0,0,1,False
1745532716.7702954,20,1746188943.8651795,34.62,0.36,37.5,38,1.9,0.004,0.0,0.38,0.03,2,1746188963.575655,1746188963.574773,1746186974.9743133,1.0,1.0,1.0,1.0,0,0,1,False
1745532716.7702954,20,1746188963.9894128,34.65,0.3582,37.5,38,1.9,0.004,0.0,0.38,0.03,2,1746188983.5957506,1746188963.574773,1746186974.9743133,1.0,1.0,1.0,1.0,0,0,1,False
1745532716.7702954,20,1746188984.009194,34.66,0.35740000000000005,37.5,38,1.9,0.004,0.0,0.38,0.03,2,1746189003.7035384,1746188963.574773,1746186974.9743133,1.0,1.0,1.0,1.0,0,0,1,False
1745532716.7702954,20,1746189004.1166735,34.67,0.35600000000000004,37.5,38,1.9,0.004,0.0,0.38,0.03,2,1746189023.7615356,1746188963.574773,1746186974.9743133,1.0,1.0,1.0,1.0,0,0,1,False
1745532716.7702954,20,1746189024.1729357,34.68,0.35490000000000005,37.5,38,1.9,0.004,0.0,0.38,0.03,2,1746189043.7763858,1746188963.574773,1746186974.9743133,1.0,1.0,1.0,1.0,0,0,1,False
1745532716.7702954,20,1746189044.192046,34.68,0.35409999999999997,37.5,38,1.9,0.004,0.0,0.38,0.03,2,1746189063.8606625,1746188963.574773,1746186974.9743133,1.0,1.0,1.0,1.0,0,0,1,False
1745532716.7702954,20,1746189064.2761042,34.69,0.353,37.5,38,1.9,0.004,0.0,0.38,0.03,2,1746189083.953148,1746188963.574773,1746186974.9743133,1.0,1.0,1.0,1.0,0,0,1,False
1745532716.7702954,20,1746189084.3669457,34.72,0.3521,37.5,38,1.9,0.004,0.0,0.38,0.03,2,1746189104.0239015,1746188963.574773,1746186974.9743133,1.0,1.0,1.0,1.0,0,0,1,False
1745532716.7702954,20,1746189104.436167,34.72,0.35119999999999996,37.5,38,1.9,0.004,0.0,0.38,0.03,2,1746189124.070974,1746188963.574773,1746186974.9743133,1.0,1.0,1.0,1.0,0,0,1,False
1745532716.7702954,20,1746189124.4931154,34.76,0.3506,37.5,38,1.9,0.004,0.0,0.38,0.03,2,1746189144.2281215,1746189144.2269943,1746186974.9743133,1.0,1.0,1.0,1.0,0,0,1,False
1745532716.7702954,20,1746189144.6387522,34.74,0.3494,37.5,38,1.9,0.004,0.0,0.38,0.03,2,1746189164.32198,1746189144.2269943,1746186974.9743133,1.0,1.0,1.0,1.0,False,True,1,False
1745532716.7702954,20,1746189164.7417877,34.77,0.36840000000000006,37.5,38,1.9,0.004,0.0,0.38,0.03,2,1746189184.3443153,1746189144.2269943,1746186974.9743133,1.0,1.0,1.0,1.0,0,0,1,False
1745532716.7702954,20,1746189184.7593849,34.79,0.3811,37.5,38,1.9,0.004,0.0,0.38,0.03,2,1746189204.4630647,1746189144.2269943,1746186974.9743133,1.0,1.0,1.0,1.0,0,0,1,False
1745532716.7702954,20,1746189204.8784645,34.83,0.3834,37.5,38,1.9,0.004,0.0,0.38,0.03,2,1746189224.543847,1746189144.2269943,1746186974.9743133,1.0,1.0,1.0,1.0,0,0,1,False
1745532716.7702954,20,1746189224.9558792,34.83,0.383,37.5,38,1.9,0.004,0.0,0.38,0.03,2,1746189244.69895,1746189144.2269943,1746186974.9743133,1.0,1.0,1.0,1.0,0,0,1,False
1745532716.7702954,20,1746189245.1118166,34.84,0.38170000000000004,37.5,38,1.9,0.004,0.0,0.38,0.03,2,1746189264.8337102,1746189144.2269943,1746186974.9743133,1.0,1.0,1.0,1.0,0,0,1,False
1745532716.7702954,20,1746189265.2475302,34.83,0.37950000000000006,37.5,38,1.9,0.004,0.0,0.38,0.03,2,1746189284.9303398,1746189144.2269943,1746186974.9743133,1.0,1.0,1.0,1.0,0,0,1,False
1745532716.7702954,20,1746189285.3541682,34.91,0.3776,37.5,38,1.9,0.004,0.0,0.38,0.03,2,1746189305.3261163,1746189144.2269943,1746186974.9743133,1.0,1.0,1.0,1.0,0,0,1,False
1745532716.7702954,20,1746189305.7530615,34.9,0.3754,37.5,38,1.9,0.004,0.0,0.38,0.03,2,1746189325.390186,1746189324.9731982,1746186974.9743133,1.0,1.0,1.0,1.0,0,0,1,False
1745532716.7702954,20,1746189325.8144674,34.91,0.373,37.5,38,1.9,0.004,0.0,0.38,0.03,2,1746189345.7179136,1746189324.9731982,1746186974.9743133,1.0,1.0,1.0,1.0,0,0,1,False
1745532716.7702954,20,1746189346.1404943,34.92,0.37070000000000003,37.5,38,1.9,0.004,0.0,0.38,0.03,2,1746189366.1338282,1746189324.9731982,1746186974.9743133,1.0,1.0,1.0,1.0,0,0,1,False
1745532716.7702954,20,1746189366.5455725,34.94,0.3689,37.5,38,1.9,0.004,0.0,0.38,0.03,2,1746189386.1937788,1746189324.9731982,1746186974.9743133,1.0,1.0,1.0,1.0,0,0,1,False
1745532716.7702954,20,1746189386.6067445,34.97,0.36700000000000005,37.5,38,1.9,0.004,0.0,0.38,0.03,2,1746189406.2839673,1746189324.9731982,1746186974.9743133,1.0,1.0,1.0,1.0,0,0,1,False
1745532716.7702954,20,1746189406.7064354,35.01,0.3652,37.5,38,1.9,0.004,0.0,0.38,0.03,2,1746189426.4187336,1746189324.9731982,1746186974.9743133,1.0,1.0,1.0,1.0,0,0,1,False
1745532716.7702954,20,1746189426.8427496,35.02,0.36369999999999997,37.5,38,1.9,0.004,0.0,0.38,0.03,2,1746189446.4782794,1746189324.9731982,1746186974.9743133,1.0,1.0,1.0,1.0,0,0,1,False
1745532716.7702954,20,1746189446.9002903,35.04,0.36200000000000004,37.5,38,1.9,0.004,0.0,0.38,0.03,2,1746189466.5739677,1746189324.9731982,1746186974.9743133,1.0,1.0,1.0,1.0,0,0,1,False
1745532716.7702954,20,1746189466.982746,35.05,0.3607,37.5,38,1.9,0.004,0.0,0.38,0.03,2,1746189486.6934352,1746189324.9731982,1746186974.9743133,1.0,1.0,1.0,1.0,0,0,1,False
1745532716.7702954,20,1746189487.1067863,35.06,0.3592,37.5,38,1.9,0.004,0.0,0.38,0.03,2,1746189506.8893726,1746189505.659972,1746186974.9743133,1.0,1.0,1.0,1.0,0,0,1,False
1745532716.7702954,20,1746189507.3064804,35.1,0.35710000000000003,37.5,38,1.9,0.004,0.0,0.38,0.03,2,1746189526.963861,1746189505.659972,1746186974.9743133,1.0,1.0,1.0,1.0,0,0,1,False
1745532716.7702954,20,1746189527.3835447,35.12,0.3557,37.5,38,1.9,0.004,0.0,0.38,0.03,2,1746189547.1059778,1746189505.659972,1746186974.9743133,1.0,1.0,1.0,1.0,0,0,1,False
1745532716.7702954,20,1746189547.534291,35.1,0.3544,37.5,38,1.9,0.004,0.0,0.38,0.03,2,1746189567.2660992,1746189505.659972,1746186974.9743133,1.0,1.0,1.0,1.0,0,0,1,False
1745532716.7702954,20,1746189567.6803527,35.14,0.3531,37.5,38,1.9,0.004,0.0,0.38,0.03,2,1746189587.3629332,1746189505.659972,1746186974.9743133,1.0,1.0,1.0,1.0,0,0,1,False
1745532716.7702954,20,1746189587.7755976,35.16,0.3521,37.5,38,1.9,0.004,0.0,0.38,0.03,2,1746189607.5274525,1746189505.659972,1746186974.9743133,1.0,1.0,1.0,1.0,0,0,1,False
1745532716.7702954,20,1746189607.941946,35.18,0.3507,37.5,38,1.9,0.004,0.0,0.38,0.03,2,1746189627.7263,1746189505.659972,1746186974.9743133,1.0,1.0,1.0,1.0,0,0,1,False
1745532716.7702954,20,1746189628.1431754,35.2,0.34950000000000003,37.5,38,1.9,0.004,0.0,0.38,0.03,2,1746189647.9182296,1746189505.659972,1746186974.9743133,1.0,1.0,1.0,1.0,False,True,1,False
1745532716.7702954,20,1746189648.3366222,35.22,0.3625,37.5,38,1.9,0.004,0.0,0.38,0.03,2,1746189668.0617542,1746189505.659972,1746186974.9743133,1.0,1.0,1.0,1.0,0,0,1,False
1745532716.7702954,20,1746189668.4742577,35.22,0.3761,37.5,38,1.9,0.004,0.0,0.38,0.03,2,1746189688.1807382,1746189686.5473394,1746186974.9743133,1.0,1.0,1.0,1.0,0,0,1,False
1745532716.7702954,20,1746189688.5930614,35.26,0.3779,37.5,38,1.9,0.004,0.0,0.38,0.03,2,1746189708.1843338,1746189686.5473394,1746186974.9743133,1.0,1.0,1.0,1.0,0,0,1,False
1745532716.7702954,20,1746189708.6036646,35.29,0.3771,37.5,38,1.9,0.004,0.0,0.38,0.03,2,1746189728.3641477,1746189686.5473394,1746186974.9743133,1.0,1.0,1.0,1.0,0,0,1,False
1745532716.7702954,20,1746189728.787609,35.27,0.3754,37.5,38,1.9,0.004,0.0,0.38,0.03,2,1746189748.4242992,1746189686.5473394,1746186974.9743133,1.0,1.0,1.0,1.0,0,0,1,False
1745532716.7702954,20,1746189748.8425791,35.31,0.3737,37.5,38,1.9,0.004,0.0,0.38,0.03,2,1746189768.5357506,1746189686.5473394,1746186974.9743133,1.0,1.0,1.0,1.0,0,0,1,False
1745532716.7702954,20,1746189768.9647393,35.32,0.37170000000000003,37.5,38,1.9,0.004,0.0,0.38,0.03,2,1746189788.5795887,1746189686.5473394,1746186974.9743133,1.0,1.0,1.0,1.0,0,0,1,False
1745532716.7702954,20,1746189788.9943037,35.31,0.3697,37.5,38,1.9,0.004,0.0,0.38,0.03,2,1746189808.6730459,1746189686.5473394,1746186974.9743133,1.0,1.0,1.0,1.0,0,0,1,False
1745532716.7702954,20,1746189809.0930812,35.35,0.3675,37.5,38,1.9,0.004,0.0,0.38,0.03,2,1746189828.7530372,1746189686.5473394,1746186974.9743133,1.0,1.0,1.0,1.0,0,0,1,False
1745532716.7702954,20,1746189829.1642127,35.36,0.36560000000000004,37.5,38,1.9,0.004,0.0,0.38,0.03,2,1746189848.8838205,1746189686.5473394,1746186974.9743133,1.0,1.0,1.0,1.0,0,0,1,False
1745532716.7702954,20,1746189849.2979681,35.41,0.3638,37.5,38,1.9,0.004,0.0,0.38,0.03,2,1746189869.060399,1746189867.4341667,1746186974.9743133,1.0,1.0,1.0,1.0,0,0,1,False
1745532716.7702954,20,1746189869.4727266,35.42,0.36100000000000004,37.5,38,1.9,0.004,0.0,0.38,0.03,2,1746189889.1413167,1746189867.4341667,1746186974.9743133,1.0,1.0,1.0,1.0,0,0,1,False
1745532716.7702954,20,1746189889.5540082,35.39,0.35950000000000004,37.5,38,1.9,0.004,0.0,0.38,0.03,2,1746189909.2161021,1746189867.4341667,1746186974.9743133,1.0,1.0,1.0,1.0,0,0,1,False
1745532716.7702954,20,1746189909.6363325,35.43,0.358,37.5,38,1.9,0.004,0.0,0.38,0.03,2,1746189929.3248186,1746189867.4341667,1746186974.9743133,1.0,1.0,1.0,1.0,0,0,1,False
1745532716.7702954,20,1746189929.7449257,35.48,0.35619999999999996,37.5,38,1.9,0.004,0.0,0.38,0.03,2,1746189949.404806,1746189867.4341667,1746186974.9743133,1.0,1.0,1.0,1.0,0,0,1,False
1745532716.7702954,20,1746189949.8163161,35.51,0.35509999999999997,37.5,38,1.9,0.004,0.0,0.38,0.03,2,1746189969.454501,1746189867.4341667,1746186974.9743133,1.0,1.0,1.0,1.0,0,0,1,False
1745532716.7702954,20,1746189969.8688295,35.48,0.3536,37.5,38,1.9,0.004,0.0,0.38,0.03,2,1746189989.6949298,1746189867.4341667,1746186974.9743133,1.0,1.0,1.0,1.0,0,0,1,False
1745532716.7702954,20,1746189990.108625,35.5,0.35200000000000004,37.5,38,1.9,0.004,0.0,0.38,0.03,2,1746190009.7666464,1746189867.4341667,1746186974.9743133,1.0,1.0,1.0,1.0,0,0,1,False
1745532716.7702954,20,1746190010.1791377,35.53,0.3508,37.5,38,1.9,0.004,0.0,0.38,0.03,2,1746190029.9711442,1746189867.4341667,1746186974.9743133,1.0,1.0,1.0,1.0,0,0,1,False
1745532716.7702954,20,1746190030.396295,35.55,0.3496,37.5,38,1.9,0.004,0.0,0.38,0.03,2,1746190050.147106,1746190048.8962684,1746190048.3582382,1.0,1.0,1.0,1.0,False,True,1,False
1745532716.7702954,20,1746190050.5671067,35.59,0.3644,37.5,38,1.9,0.004,0.0,0.38,0.03,2,1746190070.4958253,1746190048.8962684,1746190048.3582382,1.0,1.0,1.0,1.0,0,0,1,False
1745532716.7702954,20,1746190070.9263017,35.62,0.3823,37.5,38,1.9,0.004,0.0,0.38,0.03,2,1746190090.6936588,1746190048.8962684,1746190048.3582382,0.0018,1.0,0.0018,1.0,0,0,1,False
1745532716.7702954,20,1746190091.1063857,35.67,0.3825,37.5,38,1.9,0.004,0.0,0.38,0.03,2,1746190110.7312267,1746190048.8962684,1746190048.3582382,0.00168,1.0,0.00168,1.0,0,0,1,False
1745532716.7702954,20,1746190111.1436148,35.71,0.37939999999999996,37.5,38,1.9,0.004,0.0,0.38,0.03,2,1746190130.871803,1746190048.8962684,1746190048.3582382,0.00171,1.0,0.00171,1.0,0,0,1,False
1745532716.7702954,20,1746190131.2832477,35.74,0.37570000000000003,37.5,38,1.9,0.004,0.0,0.38,0.03,2,1746190151.0121033,1746190048.8962684,1746190048.3582382,0.00174,1.0,0.00174,1.0,0,0,1,False
1745532716.7702954,20,1746190151.4283395,35.85,0.3714,37.5,38,1.9,0.004,0.0,0.38,0.03,2,1746190171.100996,1746190048.8962684,1746190048.3582382,0.0018,1.0,0.0018,1.0,0,0,1,False
1745532716.7702954,20,1746190171.5225446,35.99,0.3676,37.5,38,1.9,0.004,0.0,0.38,0.03,2,1746190191.205657,1746190048.8962684,1746190048.3582382,0.00174,1.0,0.00174,1.0,0,0,1,False
1745532716.7702954,20,1746190191.629083,36.02,0.364,37.5,38,1.9,0.004,0.0,0.38,0.03,2,1746190211.3791533,1746190048.8962684,1746190048.3582382,0.00174,1.0,0.00174,1.0,0,0,1,False
1745532716.7702954,20,1746190211.794087,36.13,0.3604,37.5,38,1.9,0.004,0.0,0.38,0.03,2,1746190231.623696,1746190229.5738227,1746190048.3582382,0.00174,1.0,0.00174,1.0,0,0,1,False
1745532716.7702954,20,1746190232.0419724,36.18,0.3563,37.5,38,1.9,0.004,0.0,0.38,0.03,2,1746190251.7447772,1746190229.5738227,1746190048.3582382,0.00168,1.0,0.00168,1.0,0,0,1,False
1745532716.7702954,20,1746190252.1732483,36.24,0.353,37.5,38,1.9,0.004,0.0,0.38,0.03,2,1746190271.8683589,1746190229.5738227,1746190048.3582382,0.00162,1.0,0.00162,1.0,0,0,1,False
1745532716.7702954,20,1746190272.2826843,36.3,0.34990000000000004,37.5,38,1.9,0.004,0.0,0.38,0.03,2,1746190291.9761848,1746190229.5738227,1746190048.3582382,0.0018,1.0,0.0018,1.0,False,True,1,False
1745532716.7702954,20,1746190292.390979,36.36,0.3676,37.5,38,1.9,0.004,0.0,0.38,0.03,2,1746190312.0260327,1746190229.5738227,1746190048.3582382,0.00174,1.0,0.00174,1.0,0,0,1,False
1745532716.7702954,20,1746190312.4465683,36.41,0.3705,37.5,38,1.9,0.004,0.0,0.38,0.03,2,1746190332.1440194,1746190229.5738227,1746190048.3582382,0.00171,1.0,0.00171,1.0,0,0,1,False
1745532716.7702954,20,1746190332.5552788,36.49,0.3674,37.5,38,1.9,0.004,0.0,0.38,0.03,2,1746190352.2310572,1746190229.5738227,1746190048.3582382,0.00174,1.0,0.00174,1.0,0,0,1,False
1745532716.7702954,20,1746190352.6468058,36.51,0.3642,37.5,38,1.9,0.004,0.0,0.38,0.03,2,1746190372.4468563,1746190229.5738227,1746190048.3582382,0.00171,1.0,0.00171,1.0,0,0,1,False
1745532716.7702954,20,1746190372.8611202,36.57,0.36060000000000003,37.5,38,1.9,0.004,0.0,0.38,0.03,2,1746190392.5834782,1746190229.5738227,1746190048.3582382,0.00168,1.0,0.00168,1.0,0,0,1,False
1745532716.7702954,20,1746190392.9938405,36.62,0.3575,37.5,38,1.9,0.004,0.0,0.38,0.03,2,1746190412.7137399,1746190410.2611089,1746190048.3582382,0.00171,1.0,0.00171,1.0,0,0,1,False
1745532716.7702954,20,1746190413.1250527,36.65,0.3531,37.5,38,1.9,0.004,0.0,0.38,0.03,2,1746190433.1159196,1746190410.2611089,1746190048.3582382,0.00177,1.0,0.00177,1.0,0,0,1,False
1745532716.7702954,20,1746190433.5277355,36.68,0.3506,37.5,38,1.9,0.004,0.0,0.38,0.03,2,1746190453.2636266,1746190410.2611089,1746190048.3582382,0.00171,1.0,0.00171,1.0,0,0,1,False
1745532716.7702954,20,1746190453.6765647,36.74,0.3615,37.5,38,1.9,0.004,0.0,0.38,0.03,2,1746190473.4145956,1746190410.2611089,1746190048.3582382,0.00174,1.0,0.00174,1.0,0,0,1,False
1745532716.7702954,20,1746190473.8270946,36.74,0.3699,37.5,38,1.9,0.004,0.0,0.38,0.03,2,1746190493.505779,1746190410.2611089,1746190048.3582382,0.0018,1.0,0.0018,1.0,0,0,1,False
1745532716.7702954,20,1746190493.9181993,36.77,0.3678,37.5,38,1.9,0.004,0.0,0.38,0.03,2,1746190513.6157193,1746190410.2611089,1746190048.3582382,0.00168,1.0,0.00168,1.0,0,0,1,False
1745532716.7702954,20,1746190514.0301685,36.84,0.3643,37.5,38,1.9,0.004,0.0,0.38,0.03,2,1746190533.721193,1746190410.2611089,1746190048.3582382,0.00168,1.0,0.00168,1.0,0,0,1,False
1745532716.7702954,20,1746190534.1404085,36.87,0.36090000000000005,37.5,38,1.9,0.004,0.0,0.38,0.03,2,1746190553.8104744,1746190410.2611089,1746190048.3582382,0.00165,1.0,0.00165,1.0,0,0,1,False
1745532716.7702954,20,1746190554.2253835,36.91,0.3579,37.5,38,1.9,0.004,0.0,0.38,0.03,2,1746190574.126731,1746190410.2611089,1746190048.3582382,0.00168,1.0,0.00168,1.0,0,0,1,False
1745532716.7702954,20,1746190574.5546272,36.93,0.3554,37.5,38,1.9,0.004,0.0,0.38,0.03,2,1746190594.4198313,1746190591.149438,1746190048.3582382,0.0018,1.0,0.0018,1.0,0,0,1,False
1745532716.7702954,20,1746190594.8311517,37.02,0.35100000000000003,37.5,38,1.9,0.004,0.0,0.38,0.03,2,1746190614.5230672,1746190591.149438,1746190048.3582382,0.00183,1.0,0.00183,1.0,0,0,1,False
1745532716.7702954,20,1746190614.945552,36.99,0.3515,37.5,38,1.9,0.004,0.0,0.38,0.03,2,1746190634.6806586,1746190591.149438,1746190048.3582382,0.0018,1.0,0.0018,1.0,0,0,1,False
1745532716.7702954,20,1746190635.09508,37.05,0.36979999999999996,37.5,38,1.9,0.004,0.0,0.38,0.03,2,1746190654.8273537,1746190591.149438,1746190048.3582382,0.0018,1.0,0.0018,1.0,0,0,1,False
1745532716.7702954,20,1746190655.2400317,37.08,0.36840000000000006,37.5,38,1.9,0.004,0.0,0.38,0.03,2,1746190674.9411867,1746190591.149438,1746190048.3582382,0.0018,1.0,0.0018,1.0,0,0,1,False
1745532716.7702954,20,1746190675.36037,37.13,0.3654,37.5,38,1.9,0.004,0.0,0.38,0.03,2,1746190695.0311947,1746190591.149438,1746190048.3582382,0.00174,1.0,0.00174,1.0,0,0,1,False
1745532716.7702954,20,1746190695.4418314,37.15,0.3618,37.5,38,1.9,0.004,0.0,0.38,0.03,2,1746190715.1005025,1746190591.149438,1746190048.3582382,0.00177,1.0,0.00177,1.0,0,0,1,False
1745532716.7702954,20,1746190715.5228446,37.18,0.3589,37.5,38,1.9,0.004,0.0,0.38,0.03,2,1746190735.2667897,1746190591.149438,1746190048.3582382,0.00165,1.0,0.00165,1.0,0,0,1,False
1745532716.7702954,20,1746190735.6875262,37.18,0.35619999999999996,37.5,38,1.9,0.004,0.0,0.38,0.03,2,1746190755.349678,1746190591.149438,1746190048.3582382,0.0018,1.0,0.0018,1.0,0,0,1,False
1745532716.7702954,20,1746190755.757118,37.21,0.3533,37.5,38,1.9,0.004,0.0,0.38,0.03,2,1746190775.6986465,1746190771.957447,1746190048.3582382,0.00177,1.0,0.00177,1.0,0,0,1,False
1745532716.7702954,20,1746190776.1214077,37.21,0.3494,37.5,38,1.9,0.004,0.0,0.38,0.03,2,1746190796.0336142,1746190771.957447,1746190048.3582382,0.0018,1.0,0.0018,1.0,False,True,1,False
1745532716.7702954,20,1746190796.4545326,37.3,0.3689,37.5,38,1.9,0.004,0.0,0.38,0.03,2,1746190816.412279,1746190771.957447,1746190048.3582382,0.00177,1.0,0.00177,1.0,0,0,1,False
1745532716.7702954,20,1746190816.8353808,37.27,0.3711,37.5,38,1.9,0.004,0.0,0.38,0.03,2,1746190836.5647328,1746190771.957447,1746190048.3582382,0.00177,1.0,0.00177,1.0,0,0,1,False
1745532716.7702954,20,1746190836.9758332,37.29,0.3685,37.5,38,1.9,0.004,0.0,0.38,0.03,2,1746190856.66754,1746190771.957447,1746190048.3582382,0.00174,1.0,0.00174,1.0,0,0,1,False
1745532716.7702954,20,1746190857.0868728,37.31,0.3649,37.5,38,1.9,0.004,0.0,0.38,0.03,2,1746190876.802888,1746190771.957447,1746190048.3582382,0.00171,1.0,0.00171,1.0,0,0,1,False
1745532716.7702954,20,1746190877.2173514,37.32,0.3616,37.5,38,1.9,0.004,0.0,0.38,0.03,2,1746190897.000943,1746190771.957447,1746190048.3582382,0.00171,1.0,0.00171,1.0,0,0,1,False
1745532716.7702954,20,1746190897.4167464,37.4,0.3586,37.5,38,1.9,0.004,0.0,0.38,0.03,2,1746190917.2105875,1746190771.957447,1746190048.3582382,0.00174,1.0,0.00174,1.0,0,0,1,False
1745532716.7702954,20,1746190917.6421003,37.42,0.35590000000000005,37.5,38,1.9,0.004,0.0,0.38,0.03,2,1746190937.3877854,1746190771.957447,1746190048.3582382,0.00168,1.0,0.00168,1.0,0,0,1,False
1745532716.7702954,20,1746190937.8080716,37.41,0.3531,37.5,38,1.9,0.004,0.0,0.38,0.03,2,1746190957.6742883,1746190952.7383678,1746190048.3582382,0.00177,1.0,0.00177,1.0,0,0,1,False
1745532716.7702954,20,1746190958.085707,37.45,0.34950000000000003,37.5,38,1.9,0.004,0.0,0.38,0.03,2,1746190977.7815397,1746190952.7383678,1746190048.3582382,0.00171,1.0,0.00171,1.0,False,True,1,False
1745532716.7702954,20,1746190978.20168,37.43,0.3669,37.5,38,1.9,0.004,0.0,0.38,0.03,2,1746190997.9434686,1746190952.7383678,1746190048.3582382,0.00171,1.0,0.00171,1.0,0,0,1,False
1745532716.7702954,20,1746190998.3592603,37.46,0.36719999999999997,37.5,38,1.9,0.004,0.0,0.38,0.03,2,1746191018.3063045,1746190952.7383678,1746190048.3582382,0.00168,1.0,0.00168,1.0,0,0,1,False
1745532716.7702954,20,1746191018.7282474,37.49,0.3643,37.5,38,1.9,0.004,0.0,0.38,0.03,2,1746191038.3628912,1746190952.7383678,1746190048.3582382,0.00168,1.0,0.00168,1.0,0,0,1,False
1745532716.7702954,20,1746191038.784561,37.49,0.36119999999999997,37.5,38,1.9,0.004,0.0,0.38,0.03,2,1746191058.4123685,1746190952.7383678,1746190048.3582382,0.00171,1.0,0.00171,1.0,0,0,1,False
1745532716.7702954,20,1746191058.8328333,37.53,0.3582,37.5,38,1.9,0.004,0.0,0.38,0.03,2,1746191078.7804017,1746190952.7383678,1746190048.3582382,0.00168,1.0,0.00168,1.0,0,0,0,False
1745532716.7702954,20,1746191078.8399813,37.55,0.355,37.5,38,1.9,0.004,0.0,0.38,0.03,2,1746191098.8084795,1746190952.7383678,1746190048.3582382,0.00186,1.0,0.00186,1.0,0,0,0,False
1745532716.7702954,20,1746191098.8671927,37.54,0.3519,37.5,38,1.9,0.004,0.0,0.38,0.03,2,1746191118.8598087,1746190952.7383678,1746190048.3582382,0.00177,1.0,0.00177,1.0,0,0,0,False
1745532716.7702954,20,1746191118.9191113,37.53,0.3492,37.5,38,1.9,0.004,0.0,0.38,0.03,2,1746191138.865921,1746191133.3107016,1746190048.3582382,0.00183,1.0,0.00183,1.0,0,1,0,False
1745532716.7702954,20,1746191138.9334812,37.51,0.3682,37.5,38,1.9,0.004,0.0,0.38,0.03,2,1746191158.9015837,1746191133.3107016,1746190048.3582382,0.00177,1.0,0.00177,1.0,0,0,0,False
1745532716.7702954,20,1746191158.9634817,37.47,0.3691,37.5,38,1.9,0.004,0.0,0.38,0.03,2,1746191178.8017893,1746191133.3107016,1746190048.3582382,0.00177,1.0,0.00177,1.0,0,0,1,False
1745532716.7702954,20,1746191179.220977,37.41,0.3666,37.5,38,1.9,0.004,0.0,0.38,0.03,2,1746191199.088812,1746191133.3107016,1746190048.3582382,0.00186,1.0,0.00186,1.0,0,0,1,False
1745532716.7702954,20,1746191199.519986,37.4,0.3636,37.5,38,1.9,0.004,0.0,0.38,0.03,2,1746191219.276155,1746191133.3107016,1746190048.3582382,0.00177,1.0,0.00177,1.0,0,0,1,False
1745532716.7702954,20,1746191219.688552,37.4,0.36100000000000004,37.5,38,1.9,0.004,0.0,0.38,0.03,2,1746191239.5259016,1746191133.3107016,1746190048.3582382,0.00174,1.0,0.00174,1.0,0,0,1,False
1745532716.7702954,20,1746191239.947995,37.38,0.3589,37.5,38,1.9,0.004,0.0,0.38,0.03,2,1746191259.757894,1746191133.3107016,1746190048.3582382,0.00177,1.0,0.00177,1.0,0,0,1,False
1745532716.7702954,20,1746191260.178537,37.36,0.3566,37.5,38,1.9,0.004,0.0,0.38,0.03,2,1746191279.9509182,1746191133.3107016,1746190048.3582382,0.00177,1.0,0.00177,1.0,0,0,1,False
1745532716.7702954,20,1746191280.3626714,37.36,0.35409999999999997,37.5,38,1.9,0.004,0.0,0.38,0.03,2,1746191300.1161187,1746191133.3107016,1746190048.3582382,0.00177,1.0,0.00177,1.0,0,0,1,False
1745532716.7702954,20,1746191300.547579,37.38,0.3522,37.5,38,1.9,0.004,0.0,0.38,0.03,2,1746191320.3940258,1746191313.8473916,1746190048.3582382,0.00174,1.0,0.00174,1.0,0,0,1,False
1745532716.7702954,20,1746191320.8149846,37.37,0.34950000000000003,37.5,38,1.9,0.004,0.0,0.38,0.03,2,1746191340.5250738,1746191313.8473916,1746190048.3582382,0.00189,1.0,0.00189,1.0,False,True,1,False
1745532716.7702954,20,1746191340.938924,37.37,0.3674,37.5,38,1.9,0.004,0.0,0.38,0.03,2,1746191360.5656447,1746191313.8473916,1746190048.3582382,0.00177,1.0,0.00177,1.0,0,0,1,False
1745532716.7702954,20,1746191360.9790864,37.37,0.36700000000000005,37.5,38,1.9,0.004,0.0,0.38,0.03,2,1746191380.6929853,1746191313.8473916,1746190048.3582382,0.00171,1.0,0.00171,1.0,0,0,1,False
1745532716.7702954,20,1746191381.106597,37.41,0.3643,37.5,38,1.9,0.004,0.0,0.38,0.03,2,1746191400.8290732,1746191313.8473916,1746190048.3582382,0.00174,1.0,0.00174,1.0,0,0,1,False
1745532716.7702954,20,1746191401.251872,37.41,0.3616,37.5,38,1.9,0.004,0.0,0.38,0.03,2,1746191420.9519036,1746191313.8473916,1746190048.3582382,0.00171,1.0,0.00171,1.0,0,0,1,False
1745532716.7702954,20,1746191421.3658035,37.42,0.3588,37.5,38,1.9,0.004,0.0,0.38,0.03,2,1746191441.1414714,1746191313.8473916,1746190048.3582382,0.0018,1.0,0.0018,1.0,0,0,1,False
1745532716.7702954,20,1746191441.5559597,37.45,0.35600000000000004,37.5,38,1.9,0.004,0.0,0.38,0.03,2,1746191461.38926,1746191313.8473916,1746190048.3582382,0.00171,1.0,0.00171,1.0,0,0,1,False
1745532716.7702954,20,1746191461.8146672,37.45,0.35350000000000004,37.5,38,1.9,0.004,0.0,0.38,0.03,2,1746191481.642076,1746191313.8473916,1746190048.3582382,0.00174,1.0,0.00174,1.0,0,0,1,False
1745532716.7702954,20,1746191482.0702531,37.47,0.35119999999999996,37.5,38,1.9,0.004,0.0,0.38,0.03,2,1746191501.7895179,1746191494.4789786,1746190048.3582382,0.00168,1.0,0.00168,1.0,0,0,1,False
1745532716.7702954,20,1746191502.1991084,37.55,0.36060000000000003,37.5,38,1.9,0.004,0.0,0.38,0.03,2,1746191522.1585853,1746191494.4789786,1746190048.3582382,0.0018,1.0,0.0018,1.0,0,0,0,False
1745532716.7702954,20,1746191522.2250323,37.52,0.368,37.5,38,1.9,0.004,0.0,0.38,0.03,2,1746191542.2067854,1746191494.4789786,1746190048.3582382,0.00168,1.0,0.00168,1.0,0,0,0,False
1745532716.7702954,20,1746191542.2751315,37.56,0.36590000000000006,37.5,38,1.9,0.004,0.0,0.38,0.03,2,1746191562.2665348,1746191494.4789786,1746190048.3582382,0.00177,1.0,0.00177,1.0,0,0,0,False
1745532716.7702954,20,1746191562.3343928,37.5,0.3627,37.5,38,1.9,0.004,0.0,0.38,0.03,2,1746191582.0220683,1746191494.4789786,1746190048.3582382,0.00177,1.0,0.00177,1.0,0,0,0,False
1745532716.7702954,20,1746191582.3548138,37.5,0.3594,37.5,38,1.9,0.004,0.0,0.38,0.03,2,1746191601.2636847,1746191494.4789786,1746190048.3582382,0.00174,1.0,0.00174,1.0,0,0,1,False
1745532716.7702954,20,1746191602.5046616,37.44,0.3567,37.5,38,1.9,0.004,0.0,0.38,0.03,2,1746191622.4883595,1746191494.4789786,1746190048.3582382,0.00168,1.0,0.00168,1.0,0,0,1,False
1745532716.7702954,20,1746191622.9013906,37.46,0.3544,37.5,38,1.9,0.004,0.0,0.38,0.03,2,1746191642.8644462,1746191494.4789786,1746190048.3582382,0.00177,1.0,0.00177,1.0,0,0,1,False
1745532716.7702954,20,1746191643.279824,37.43,0.35259999999999997,37.5,38,1.9,0.004,0.0,0.38,0.03,2,1746191663.020257,1746191494.4789786,1746190048.3582382,0.00171,1.0,0.00171,1.0,0,0,1,False
1745532716.7702954,20,1746191663.4404604,37.43,0.3507,37.5,38,1.9,0.004,0.0,0.38,0.03,2,1746191683.2671278,1746191675.0850515,1746190048.3582382,0.00171,1.0,0.00171,1.0,0,0,1,False
1745532716.7702954,20,1746191683.687129,37.44,0.36100000000000004,37.5,38,1.9,0.004,0.0,0.38,0.03,2,1746191703.4698708,1746191675.0850515,1746190048.3582382,0.00186,1.0,0.00186,1.0,0,0,1,False
1745532716.7702954,20,1746191703.882336,37.41,0.3703,37.5,38,1.9,0.004,0.0,0.38,0.03,2,1746191723.6385589,1746191675.0850515,1746190048.3582382,0.00171,1.0,0.00171,1.0,0,0,1,False
1745532716.7702954,20,1746191724.0521579,37.38,0.36920000000000003,37.5,38,1.9,0.004,0.0,0.38,0.03,2,1746191743.8377836,1746191675.0850515,1746190048.3582382,0.00183,1.0,0.00183,1.0,0,0,1,False
1745532716.7702954,20,1746191744.2506917,37.4,0.3664,37.5,38,1.9,0.004,0.0,0.38,0.03,2,1746191764.038458,1746191675.0850515,1746190048.3582382,0.00177,1.0,0.00177,1.0,0,0,1,False
1745532716.7702954,20,1746191764.4568892,37.43,0.3632,37.5,38,1.9,0.004,0.0,0.38,0.03,2,1746191784.323668,1746191675.0850515,1746190048.3582382,0.00183,1.0,0.00183,1.0,0,0,1,False
1745532716.7702954,20,1746191784.7428768,37.45,0.36060000000000003,37.5,38,1.9,0.004,0.0,0.38,0.03,2,1746191804.5674713,1746191675.0850515,1746190048.3582382,0.00183,1.0,0.00183,1.0,0,0,1,False
1745532716.7702954,20,1746191804.9882607,37.47,0.3579,37.5,38,1.9,0.004,0.0,0.38,0.03,2,1746191824.8558578,1746191675.0850515,1746190048.3582382,0.00177,1.0,0.00177,1.0,0,0,1,False
1745532716.7702954,20,1746191825.277425,37.48,0.35509999999999997,37.5,38,1.9,0.004,0.0,0.38,0.03,2,1746191845.1330416,1746191675.0850515,1746190048.3582382,0.00177,1.0,0.00177,1.0,0,0,1,False
1745532716.7702954,20,1746191845.5611892,37.51,0.3523,37.5,38,1.9,0.004,0.0,0.38,0.03,2,1746191865.539826,1746191855.966797,1746190048.3582382,0.00177,1.0,0.00177,1.0,0,0,0,False
1745532716.7702954,20,1746191865.6058517,37.52,0.3497,37.5,38,1.9,0.004,0.0,0.38,0.03,2,1746191885.59995,1746191855.966797,1746190048.3582382,0.0018,1.0,0.0018,1.0,0,1,0,False
1745532716.7702954,20,1746191885.667761,37.53,0.3679,37.5,38,1.9,0.004,0.0,0.38,0.03,2,1746191905.6215656,1746191855.966797,1746190048.3582382,0.00183,1.0,0.00183,1.0,False,0,0,False
1745532716.7702954,20,1746191905.6792228,37.51,0.3689,37.5,38,1.9,0.004,0.0,0.38,0.03,2,1746191925.642855,1746191855.966797,1746190048.3582382,0.00174,1.0,0.00174,1.0,0,0,0,False
1745532716.7702954,20,1746191925.7022996,37.48,0.36619999999999997,37.5,38,1.9,0.004,0.0,0.38,0.03,2,1746191945.631708,1746191855.966797,1746190048.3582382,0.00186,1.0,0.00186,1.0,0,0,1,False
1745532716.7702954,20,1746191946.0525465,37.48,0.3629,37.5,38,1.9,0.004,0.0,0.38,0.03,2,1746191965.8287914,1746191855.966797,1746190048.3582382,0.00177,1.0,0.00177,1.0,0,0,1,False
1745532716.7702954,20,1746191966.2501895,37.49,0.36,37.5,38,1.9,0.004,0.0,0.38,0.03,2,1746191986.0407472,1746191855.966797,1746190048.3582382,0.00186,1.0,0.00186,1.0,0,0,1,False
1745532716.7702954,20,1746191986.4556463,37.45,0.3577,37.5,38,1.9,0.004,0.0,0.38,0.03,2,1746192006.2025294,1746191855.966797,1746190048.3582382,0.00174,1.0,0.00174,1.0,0,0,1,False
1745532716.7702954,20,1746192006.6170166,37.45,0.3553,37.5,38,1.9,0.004,0.0,0.38,0.03,2,1746192026.3359604,1746191855.966797,1746190048.3582382,0.00174,1.0,0.00174,1.0,0,0,1,False
1745532716.7702954,20,1746192026.7497287,37.44,0.35340000000000005,37.5,38,1.9,0.004,0.0,0.38,0.03,2,1746192046.564013,1746192036.72317,1746190048.3582382,0.00186,1.0,0.00186,1.0,0,0,1,False
1745532716.7702954,20,1746192046.9789114,37.42,0.3506,37.5,38,1.9,0.004,0.0,0.38,0.03,2,1746192066.7466748,1746192036.72317,1746190048.3582382,0.00177,1.0,0.00177,1.0,0,0,1,False
1745532716.7702954,20,1746192067.174915,37.43,0.35960000000000003,37.5,38,1.9,0.004,0.0,0.38,0.03,2,1746192086.944604,1746192036.72317,1746190048.3582382,0.00177,1.0,0.00177,1.0,0,0,1,False
1745532716.7702954,20,1746192087.389097,37.44,0.3691,37.5,38,1.9,0.004,0.0,0.38,0.03,2,1746192107.1821902,1746192036.72317,1746190048.3582382,0.00183,1.0,0.00183,1.0,0,0,1,False
1745532716.7702954,20,1746192107.6022635,37.45,0.3677,37.5,38,1.9,0.004,0.0,0.38,0.03,2,1746192127.39672,1746192036.72317,1746190048.3582382,0.00183,1.0,0.00183,1.0,0,0,1,False
1745532716.7702954,20,1746192127.817357,37.42,0.3649,37.5,38,1.9,0.004,0.0,0.38,0.03,2,1746192147.5145068,1746192036.72317,1746190048.3582382,0.00174,1.0,0.00174,1.0,0,0,1,False
1745532716.7702954,20,1746192147.925813,37.49,0.36200000000000004,37.5,38,1.9,0.004,0.0,0.38,0.03,2,1746192167.6894062,1746192036.72317,1746190048.3582382,0.00183,1.0,0.00183,1.0,0,0,1,False
1745532716.7702954,20,1746192168.10486,37.48,0.359,37.5,38,1.9,0.004,0.0,0.38,0.03,2,1746192188.0936725,1746192036.72317,1746190048.3582382,0.00183,1.0,0.00183,1.0,0,0,1,False
1745532716.7702954,20,1746192188.507359,37.49,0.3563,37.5,38,1.9,0.004,0.0,0.38,0.03,2,1746192208.3339438,1746192036.72317,1746190048.3582382,0.0018,1.0,0.0018,1.0,0,0,1,False
1745532716.7702954,20,1746192208.748293,37.5,0.3536,37.5,38,1.9,0.004,0.0,0.38,0.03,2,1746192228.3156664,1746192217.281976,1746190048.3582382,0.00171,1.0,0.00171,1.0,0,0,0,False
1745532716.7702954,20,1746192228.778513,37.52,0.34990000000000004,37.5,38,1.9,0.004,0.0,0.38,0.03,2,1746192248.772808,1746192217.281976,1746190048.3582382,0.0018,1.0,0.0018,1.0,0,1,0,False
1745532716.7702954,20,1746192248.845061,37.55,0.36369999999999997,37.5,38,1.9,0.004,0.0,0.38,0.03,2,1746192268.8409896,1746192217.281976,1746190048.3582382,0.00174,1.0,0.00174,1.0,0,0,0,False
1745532716.7702954,20,1746192268.9089117,37.55,0.3678,37.5,38,1.9,0.004,0.0,0.38,0.03,2,1746192288.8829238,1746192217.281976,1746190048.3582382,0.00177,1.0,0.00177,1.0,0,0,0,False
1745532716.7702954,20,1746192288.9535756,37.5,0.3652,37.5,38,1.9,0.004,0.0,0.38,0.03,2,1746192308.6425996,1746192217.281976,1746190048.3582382,0.00177,1.0,0.00177,1.0,0,0,0,False
1745532716.7702954,20,1746192308.965806,37.49,0.3626,37.5,38,1.9,0.004,0.0,0.38,0.03,2,1746192328.7462728,1746192217.281976,1746190048.3582382,0.00177,1.0,0.00177,1.0,0,0,1,False
1745532716.7702954,20,1746192329.1595163,37.44,0.36,37.5,38,1.9,0.004,0.0,0.38,0.03,2,1746192348.8458126,1746192217.281976,1746190048.3582382,0.0018,1.0,0.0018,1.0,0,0,1,False
1745532716.7702954,20,1746192349.2593853,37.44,0.3579,37.5,38,1.9,0.004,0.0,0.38,0.03,2,1746192368.9858465,1746192217.281976,1746190048.3582382,0.00171,1.0,0.00171,1.0,0,0,1,False
1745532716.7702954,20,1746192369.4050806,37.4,0.3556,37.5,38,1.9,0.004,0.0,0.38,0.03,2,1746192389.2460248,1746192217.281976,1746190048.3582382,0.00171,1.0,0.00171,1.0,0,0,1,False
1745532716.7702954,20,1746192389.65604,37.44,0.3536,37.5,38,1.9,0.004,0.0,0.38,0.03,2,1746192409.5608196,1746192397.9893117,1746190048.3582382,0.00174,1.0,0.00174,1.0,0,0,1,False
1745532716.7702954,20,1746192409.972372,37.38,0.35119999999999996,37.5,38,1.9,0.004,0.0,0.38,0.03,2,1746192429.676042,1746192397.9893117,1746190048.3582382,0.00168,1.0,0.00168,1.0,0,0,1,False
1745532716.7702954,20,1746192430.089607,37.43,0.3498,37.5,38,1.9,0.004,0.0,0.38,0.03,2,1746192449.741978,1746192397.9893117,1746190048.3582382,0.00174,1.0,0.00174,1.0,False,True,1,False
1745532716.7702954,20,1746192450.1531715,37.4,0.3683,37.5,38,1.9,0.004,0.0,0.38,0.03,2,1746192469.8572118,1746192397.9893117,1746190048.3582382,0.00165,1.0,0.00165,1.0,0,0,1,False
1745532716.7702954,20,1746192470.273852,37.42,0.36810000000000004,37.5,38,1.9,0.004,0.0,0.38,0.03,2,1746192489.9904695,1746192397.9893117,1746190048.3582382,0.00168,1.0,0.00168,1.0,0,0,1,False
1745532716.7702954,20,1746192490.4032125,37.42,0.36590000000000006,37.5,38,1.9,0.004,0.0,0.38,0.03,2,1746192510.1147733,1746192397.9893117,1746190048.3582382,0.00171,1.0,0.00171,1.0,0,0,1,False
1745532716.7702954,20,1746192510.530032,37.45,0.3628,37.5,38,1.9,0.004,0.0,0.38,0.03,2,1746192530.309642,1746192397.9893117,1746190048.3582382,0.00171,1.0,0.00171,1.0,0,0,1,False
1745532716.7702954,20,1746192530.721963,37.42,0.3603,37.5,38,1.9,0.004,0.0,0.38,0.03,2,1746192550.4112687,1746192397.9893117,1746190048.3582382,0.00174,1.0,0.00174,1.0,0,0,1,False
1745532716.7702954,20,1746192550.8238845,37.45,0.35729999999999995,37.5,38,1.9,0.004,0.0,0.38,0.03,2,1746192570.5276794,1746192397.9893117,1746190048.3582382,0.00177,1.0,0.00177,1.0,0,0,1,False
1745532716.7702954,20,1746192570.9485621,37.47,0.3546,37.5,38,1.9,0.004,0.0,0.38,0.03,2,1746192590.7922115,1746192578.6035724,1746190048.3582382,0.00165,1.0,0.00165,1.0,0,0,1,False
1745532716.7702954,20,1746192591.2127855,37.52,0.3515,37.5,38,1.9,0.004,0.0,0.38,0.03,2,1746192611.198742,1746192578.6035724,1746190048.3582382,0.00171,1.0,0.00171,1.0,0,0,0,False
1745532716.7702954,20,1746192611.267167,37.53,0.34990000000000004,37.5,38,1.9,0.004,0.0,0.38,0.03,2,1746192631.2448564,1746192578.6035724,1746190048.3582382,0.00177,1.0,0.00177,1.0,0,1,0,False
1745532716.7702954,20,1746192631.3011389,37.55,0.36710000000000004,37.5,38,1.9,0.004,0.0,0.38,0.03,2,1746192651.2530084,1746192578.6035724,1746190048.3582382,0.00168,1.0,0.00168,1.0,0,0,0,False
1745532716.7702954,20,1746192651.3126743,37.57,0.3669,37.5,38,1.9,0.004,0.0,0.38,0.03,2,1746192671.312067,1746192578.6035724,1746190048.3582382,0.00177,1.0,0.00177,1.0,0,0,0,False
1745532716.7702954,20,1746192671.3711271,37.55,0.3639,37.5,38,1.9,0.004,0.0,0.38,0.03,2,1746192691.3452692,1746192578.6035724,1746190048.3582382,0.00168,1.0,0.00168,1.0,0,0,0,False
1745532716.7702954,20,1746192691.403875,37.49,0.36090000000000005,37.5,38,1.9,0.004,0.0,0.38,0.03,2,1746192711.2754135,1746192578.6035724,1746190048.3582382,0.00168,1.0,0.00168,1.0,0,0,1,False
1745532716.7702954,20,1746192711.6866376,37.49,0.3582,37.5,38,1.9,0.004,0.0,0.38,0.03,2,1746192731.6795645,1746192578.6035724,1746190048.3582382,0.00183,1.0,0.00183,1.0,0,0,1,False
1745532716.7702954,20,1746192732.091175,37.46,0.3561,37.5,38,1.9,0.004,0.0,0.38,0.03,2,1746192751.7527075,1746192578.6035724,1746190048.3582382,0.00177,1.0,0.00177,1.0,0,0,1,False
1745532716.7702954,20,1746192752.1642215,37.42,0.35350000000000004,37.5,38,1.9,0.004,0.0,0.38,0.03,2,1746192772.0395594,1746192759.2497492,1746190048.3582382,0.00177,1.0,0.00177,1.0,0,0,1,False
1745532716.7702954,20,1746192772.4527037,37.4,0.35130000000000006,37.5,38,1.9,0.004,0.0,0.38,0.03,2,1746192792.3171408,1746192759.2497492,1746190048.3582382,0.00177,1.0,0.00177,1.0,0,0,1,False
1745532716.7702954,20,1746192792.728867,37.4,0.3497,37.5,38,1.9,0.004,0.0,0.38,0.03,2,1746192812.7013345,1746192759.2497492,1746190048.3582382,0.00183,1.0,0.00183,1.0,False,True,1,False
1745532716.7702954,20,1746192813.1222613,37.42,0.3689,37.5,38,1.9,0.004,0.0,0.38,0.03,2,1746192832.9593422,1746192759.2497492,1746190048.3582382,0.0018,1.0,0.0018,1.0,0,0,1,False
1745532716.7702954,20,1746192833.384262,37.39,0.3714,37.5,38,1.9,0.004,0.0,0.38,0.03,2,1746192853.0377727,1746192759.2497492,1746190048.3582382,0.00186,1.0,0.00186,1.0,0,0,1,False
1745532716.7702954,20,1746192853.4512358,37.41,0.3691,37.5,38,1.9,0.004,0.0,0.38,0.03,2,1746192873.4224646,1746192759.2497492,1746190048.3582382,0.0018,1.0,0.0018,1.0,0,0,1,False
1745532716.7702954,20,1746192873.8523068,37.41,0.36619999999999997,37.5,38,1.9,0.004,0.0,0.38,0.03,2,1746192893.8533287,1746192759.2497492,1746190048.3582382,0.0018,1.0,0.0018,1.0,0,0,1,False
1745532716.7702954,20,1746192894.2834866,37.42,0.36340000000000006,37.5,38,1.9,0.004,0.0,0.38,0.03,2,1746192914.2752047,1746192759.2497492,1746190048.3582382,0.0018,1.0,0.0018,1.0,0,0,1,False
1745532716.7702954,20,1746192914.694539,37.44,0.36060000000000003,37.5,38,1.9,0.004,0.0,0.38,0.03,2,1746192934.42679,1746192759.2497492,1746190048.3582382,0.00186,1.0,0.00186,1.0,0,0,1,False
1745532716.7702954,20,1746192934.897963,37.47,0.3575,37.5,38,1.9,0.004,0.0,0.38,0.03,2,1746192954.6587226,1746192940.073395,1746190048.3582382,0.00177,1.0,0.00177,1.0,0,0,1,False
1745532716.7702954,20,1746192955.090431,37.47,0.35450000000000004,37.5,38,1.9,0.004,0.0,0.38,0.03,2,1746192974.7639258,1746192940.073395,1746190048.3582382,0.00177,1.0,0.00177,1.0,0,0,1,False
1745532716.7702954,20,1746192975.217023,37.54,0.3521,37.5,38,1.9,0.004,0.0,0.38,0.03,2,1746192995.172493,1746192940.073395,1746190048.3582382,0.00186,1.0,0.00186,1.0,0,0,0,False
1745532716.7702954,20,1746192995.2443304,37.54,0.34950000000000003,37.5,38,1.9,0.004,0.0,0.38,0.03,2,1746193015.2436304,1746192940.073395,1746190048.3582382,0.0018,1.0,0.0018,1.0,0,1,0,False
1745532716.7702954,20,1746193015.3124475,37.56,0.36700000000000005,37.5,38,1.9,0.004,0.0,0.38,0.03,2,1746193035.2860725,1746192940.073395,1746190048.3582382,0.00171,1.0,0.00171,1.0,0,0,0,False
1745532716.7702954,20,1746193035.3425856,37.55,0.3674,37.5,38,1.9,0.004,0.0,0.38,0.03,2,1746193055.2998083,1746192940.073395,1746190048.3582382,0.00171,1.0,0.00171,1.0,0,0,0,False
1745532716.7702954,20,1746193055.3692336,37.56,0.3642,37.5,38,1.9,0.004,0.0,0.38,0.03,2,1746193075.3374097,1746192940.073395,1746190048.3582382,0.00177,1.0,0.00177,1.0,0,0,0,False
1745532716.7702954,20,1746193075.406587,37.5,0.3615,37.5,38,1.9,0.004,0.0,0.38,0.03,2,1746193095.262412,1746192940.073395,1746190048.3582382,0.00168,1.0,0.00168,1.0,0,0,0,False
1745532716.7702954,20,1746193095.4571106,37.49,0.3586,37.5,38,1.9,0.004,0.0,0.38,0.03,2,1746193115.0662193,1746192940.073395,1746190048.3582382,0.00174,1.0,0.00174,1.0,0,0,1,False
1745532716.7702954,20,1746193115.4794018,37.46,0.3557,37.5,38,1.9,0.004,0.0,0.38,0.03,2,1746193135.202848,1746193121.2567918,1746193120.7079413,1.0,1.0,1.0,1.0,0,0,1,False
1745532716.7702954,20,1746193135.6119854,37.44,0.3543,37.5,38,1.9,0.004,0.0,0.38,0.03,2,1746193155.3209968,1746193121.2567918,1746193120.7079413,1.0,1.0,1.0,1.0,0,0,1,False
1745532716.7702954,20,1746193155.7353258,37.39,0.3531,37.5,38,1.9,0.004,0.0,0.38,0.03,2,1746193175.3685567,1746193121.2567918,1746193120.7079413,1.0,1.0,1.0,1.0,0,0,1,False
1745532716.7702954,20,1746193175.7825134,37.43,0.3522,37.5,38,1.9,0.004,0.0,0.38,0.03,2,1746193195.5112596,1746193121.2567918,1746193120.7079413,1.0,1.0,1.0,1.0,0,0,1,False
1745532716.7702954,20,1746193195.9330385,37.37,0.35100000000000003,37.5,38,1.9,0.004,0.0,0.38,0.03,2,1746193215.6295283,1746193121.2567918,1746193120.7079413,1.0,1.0,1.0,1.0,0,0,1,False
1745532716.7702954,20,1746193216.0675688,37.37,0.35000000000000003,37.5,38,1.9,0.004,0.0,0.38,0.03,2,1746193235.7776766,1746193121.2567918,1746193120.7079413,1.0,0.0018,1.0,0.0018,0,0,1,False
1745532716.7702954,20,1746193236.191396,37.39,0.35840000000000005,37.5,38,1.9,0.004,0.0,0.38,0.03,2,1746193255.9648936,1746193121.2567918,1746193120.7079413,1.0,0.00168,1.0,0.00168,0,0,1,False
1745532716.7702954,20,1746193256.3830638,37.34,0.36869999999999997,37.5,38,1.9,0.004,0.0,0.38,0.03,2,1746193276.14146,1746193121.2567918,1746193120.7079413,1.0,0.00168,1.0,0.00168,0,0,1,False
1745532716.7702954,20,1746193276.5605168,37.32,0.37070000000000003,37.5,38,1.9,0.004,0.0,0.38,0.03,2,1746193296.2590363,1746193121.2567918,1746193120.7079413,1.0,0.00177,1.0,0.00177,0,0,1,False
1745532716.7702954,20,1746193296.6703744,37.34,0.36960000000000004,37.5,38,1.9,0.004,0.0,0.38,0.03,2,1746193316.5370128,1746193302.1291988,1746193120.7079413,1.0,0.00177,1.0,0.00177,0,0,1,False
1745532716.7702954,20,1746193316.952803,37.32,0.36729999999999996,37.5,38,1.9,0.004,0.0,0.38,0.03,2,1746193336.748664,1746193302.1291988,1746193120.7079413,1.0,0.00183,1.0,0.00183,0,0,1,False
1745532716.7702954,20,1746193337.1622238,37.37,0.36460000000000004,37.5,38,1.9,0.004,0.0,0.38,0.03,2,1746193356.9249754,1746193302.1291988,1746193120.7079413,1.0,0.00177,1.0,0.00177,0,0,1,False
1745532716.7702954,20,1746193357.340947,37.38,0.3629,37.5,38,1.9,0.004,0.0,0.38,0.03,2,1746193377.0416915,1746193302.1291988,1746193120.7079413,1.0,0.00183,1.0,0.00183,0,0,1,False
1745532716.7702954,20,1746193377.4551818,37.44,0.3604,37.5,38,1.9,0.004,0.0,0.38,0.03,2,1746193397.3494399,1746193302.1291988,1746193120.7079413,1.0,0.0018,1.0,0.0018,0,0,1,False
1745532716.7702954,20,1746193397.7637262,37.46,0.35840000000000005,37.5,38,1.9,0.004,0.0,0.38,0.03,2,1746193417.4762602,1746193302.1291988,1746193120.7079413,1.0,0.00174,1.0,0.00174,0,0,1,False
1745532716.7702954,20,1746193417.8876154,37.47,0.3566,37.5,38,1.9,0.004,0.0,0.38,0.03,2,1746193437.5962358,1746193302.1291988,1746193120.7079413,1.0,0.00177,1.0,0.00177,0,0,1,False
1745532716.7702954,20,1746193438.009941,37.48,0.3542,37.5,38,1.9,0.004,0.0,0.38,0.03,2,1746193457.653506,1746193302.1291988,1746193120.7079413,1.0,0.00171,1.0,0.00171,0,0,1,False
1745532716.7702954,20,1746193458.0746803,37.48,0.35240000000000005,37.5,38,1.9,0.004,0.0,0.38,0.03,2,1746193477.9824824,1746193302.1291988,1746193120.7079413,1.0,0.0018,1.0,0.0018,0,0,1,False
1745532716.7702954,20,1746193478.395637,37.55,0.35000000000000003,37.5,38,1.9,0.004,0.0,0.38,0.03,2,1746193498.3569705,1746193483.0132654,1746193120.7079413,1.0,0.00174,1.0,0.00174,0,0,0,False
1745532716.7702954,20,1746193498.4166837,37.55,0.35490000000000005,37.5,38,1.9,0.004,0.0,0.38,0.03,2,1746193518.3668377,1746193483.0132654,1746193120.7079413,1.0,0.0018,1.0,0.0018,0,0,0,False
1745532716.7702954,20,1746193518.4263284,37.58,0.369,37.5,38,1.9,0.004,0.0,0.38,0.03,2,1746193538.3730063,1746193483.0132654,1746193120.7079413,1.0,0.0018,1.0,0.0018,0,0,0,False
1745532716.7702954,20,1746193538.4389982,37.52,0.3712,37.5,38,1.9,0.004,0.0,0.38,0.03,2,1746193558.4292357,1746193483.0132654,1746193120.7079413,1.0,0.0018,1.0,0.0018,0,0,0,False
1745532716.7702954,20,1746193558.504627,37.59,0.3701,37.5,38,1.9,0.004,0.0,0.38,0.03,2,1746193578.498955,1746193483.0132654,1746193120.7079413,1.0,0.0018,1.0,0.0018,0,0,0,False
1745532716.7702954,20,1746193578.5582378,37.5,0.3682,37.5,38,1.9,0.004,0.0,0.38,0.03,2,1746193598.3489811,1746193483.0132654,1746193120.7079413,1.0,0.00174,1.0,0.00174,0,0,0,False
1745532716.7702954,20,1746193598.586087,37.5,0.3658,37.5,38,1.9,0.004,0.0,0.38,0.03,2,1746193617.5515206,1746193483.0132654,1746193120.7079413,1.0,0.00177,1.0,0.00177,0,0,1,False
1745532716.7702954,20,1746193618.7868738,37.47,0.3633,37.5,38,1.9,0.004,0.0,0.38,0.03,2,1746193638.5945265,1746193483.0132654,1746193120.7079413,1.0,0.0018,1.0,0.0018,0,0,1,False
1745532716.7702954,20,1746193639.0172188,37.46,0.3613,37.5,38,1.9,0.004,0.0,0.38,0.03,2,1746193658.6368752,1746193483.0132654,1746193120.7079413,1.0,0.0018,1.0,0.0018,0,0,1,False
1745532716.7702954,20,1746193659.0673118,37.43,0.3589,37.5,38,1.9,0.004,0.0,0.38,0.03,2,1746193678.8861072,1746193663.74178,1746193120.7079413,1.0,0.00174,1.0,0.00174,0,0,1,False
1745532716.7702954,20,1746193679.3013816,37.42,0.35700000000000004,37.5,38,1.9,0.004,0.0,0.38,0.03,2,1746193698.9881165,1746193663.74178,1746193120.7079413,1.0,0.00177,1.0,0.00177,0,0,1,False
1745532716.7702954,20,1746193699.419369,37.4,0.35490000000000005,37.5,38,1.9,0.004,0.0,0.38,0.03,2,1746193719.1050117,1746193663.74178,1746193120.7079413,1.0,0.00174,1.0,0.00174,0,0,1,False
1745532716.7702954,20,1746193719.5438673,37.43,0.35350000000000004,37.5,38,1.9,0.004,0.0,0.38,0.03,2,1746193739.519806,1746193663.74178,1746193120.7079413,1.0,0.00165,1.0,0.00165,0,0,1,False
1745532716.7702954,20,1746193739.9304216,37.44,0.3517,37.5,38,1.9,0.004,0.0,0.38,0.03,2,1746193759.9215844,1746193663.74178,1746193120.7079413,1.0,0.00171,1.0,0.00171,0,0,1,False
1745532716.7702954,20,1746193760.3523092,37.43,0.3502,37.5,38,1.9,0.004,0.0,0.38,0.03,2,1746193780.2886953,1746193663.74178,1746193120.7079413,1.0,0.00174,1.0,0.00174,0,0,1,False
1745532716.7702954,20,1746193780.7013958,37.45,0.353,37.5,38,1.9,0.004,0.0,0.38,0.03,2,1746193800.3501616,1746193663.74178,1746193120.7079413,1.0,0.00168,1.0,0.00168,0,0,1,False
1745532716.7702954,20,1746193800.7645462,37.5,0.3689,37.5,38,1.9,0.004,0.0,0.38,0.03,2,1746193820.1989267,1746193663.74178,1746193120.7079413,1.0,0.00171,1.0,0.00171,0,0,1,False
1745532716.7702954,20,1746193821.0419345,37.41,0.3718,37.5,38,1.9,0.004,0.0,0.38,0.03,2,1746193840.9888806,1746193663.74178,1746193120.7079413,1.0,0.00171,1.0,0.00171,0,0,1,False
1745532716.7702954,20,1746193841.408305,37.48,0.37060000000000004,37.5,38,1.9,0.004,0.0,0.38,0.03,2,1746193861.049901,1746193844.4241042,1746193120.7079413,1.0,0.00177,1.0,0.00177,0,0,1,False
1745532716.7702954,20,1746193861.4788523,37.45,0.36840000000000006,37.5,38,1.9,0.004,0.0,0.38,0.03,2,1746193881.2135642,1746193844.4241042,1746193120.7079413,1.0,0.00177,1.0,0.00177,0,0,1,False
1745532716.7702954,20,1746193881.6248925,37.49,0.36600000000000005,37.5,38,1.9,0.004,0.0,0.38,0.03,2,1746193901.3861196,1746193844.4241042,1746193120.7079413,1.0,0.00177,1.0,0.00177,0,0,1,False
1745532716.7702954,20,1746193901.799627,37.54,0.3632,37.5,38,1.9,0.004,0.0,0.38,0.03,2,1746193921.7947276,1746193844.4241042,1746193120.7079413,1.0,0.00174,1.0,0.00174,0,0,0,False
1745532716.7702954,20,1746193921.85382,37.56,0.3613,37.5,38,1.9,0.004,0.0,0.38,0.03,2,1746193941.851135,1746193844.4241042,1746193120.7079413,1.0,0.00177,1.0,0.00177,0,0,0,False
1745532716.7702954,20,1746193941.909751,37.58,0.3589,37.5,38,1.9,0.004,0.0,0.38,0.03,2,1746193961.8986633,1746193844.4241042,1746193120.7079413,1.0,0.00171,1.0,0.00171,0,0,0,False
1745532716.7702954,20,1746193961.9582436,37.59,0.3566,37.5,38,1.9,0.004,0.0,0.38,0.03,2,1746193981.9063785,1746193844.4241042,1746193120.7079413,1.0,0.00183,1.0,0.00183,0,0,0,False
1745532716.7702954,20,1746193981.9651568,37.58,0.3544,37.5,38,1.9,0.004,0.0,0.38,0.03,2,1746194001.96562,1746193844.4241042,1746193120.7079413,1.0,0.00174,1.0,0.00174,0,0,0,False
1745532716.7702954,20,1746194002.033319,37.56,0.3523,37.5,38,1.9,0.004,0.0,0.38,0.03,2,1746194021.9987266,1746193844.4241042,1746193120.7079413,1.0,0.00177,1.0,0.00177,0,0,0,False
1745532716.7702954,20,1746194022.0661,37.59,0.34990000000000004,37.5,38,1.9,0.004,0.0,0.38,0.03,2,1746194042.048934,1746194024.9624395,1746193120.7079413,1.0,0.00183,1.0,0.00183,0,1,0,False
1745532716.7702954,20,1746194042.1175683,37.53,0.3554,37.5,38,1.9,0.004,0.0,0.38,0.03,2,1746194062.0870576,1746194024.9624395,1746193120.7079413,1.0,0.00177,1.0,0.00177,0,0,0,False
1745532716.7702954,20,1746194062.1470323,37.5,0.3701,37.5,38,1.9,0.004,0.0,0.38,0.03,2,1746194081.4168282,1746194024.9624395,1746193120.7079413,1.0,0.00174,1.0,0.00174,0,0,1,False
1745532716.7702954,20,1746194082.236187,37.44,0.37310000000000004,37.5,38,1.9,0.004,0.0,0.38,0.03,2,1746194101.9579444,1746194024.9624395,1746193120.7079413,1.0,0.00177,1.0,0.00177,0,0,1,False
1745532716.7702954,20,1746194102.3719776,37.41,0.3726,37.5,38,1.9,0.004,0.0,0.38,0.03,2,1746194122.1135514,1746194024.9624395,1746193120.7079413,1.0,0.00168,1.0,0.00168,0,0,1,False
1745532716.7702954,20,1746194122.5378199,37.38,0.37079999999999996,37.5,38,1.9,0.004,0.0,0.38,0.03,2,1746194142.2490375,1746194024.9624395,1746193120.7079413,1.0,0.00177,1.0,0.00177,0,0,1,False
1745532716.7702954,20,1746194142.6627119,37.37,0.369,37.5,38,1.9,0.004,0.0,0.38,0.03,2,1746194162.558164,1746194024.9624395,1746193120.7079413,1.0,0.00177,1.0,0.00177,0,0,1,False
1745532716.7702954,20,1746194163.0049994,37.37,0.36710000000000004,37.5,38,1.9,0.004,0.0,0.38,0.03,2,1746194182.8961263,1746194024.9624395,1746193120.7079413,1.0,0.0018,1.0,0.0018,0,0,1,False
1745532716.7702954,20,1746194183.3199458,37.34,0.3649,37.5,38,1.9,0.004,0.0,0.38,0.03,2,1746194203.1897,1746194024.9624395,1746193120.7079413,1.0,0.00171,1.0,0.00171,0,0,1,False
1745532716.7702954,20,1746194203.61513,37.34,0.36229999999999996,37.5,38,1.9,0.004,0.0,0.38,0.03,2,1746194223.4698691,1746194205.7825518,1746193120.7079413,1.0,0.00174,1.0,0.00174,0,0,1,False
1745532716.7702954,20,1746194223.8830473,37.37,0.3603,37.5,38,1.9,0.004,0.0,0.38,0.03,2,1746194243.4921827,1746194205.7825518,1746193120.7079413,1.0,0.00171,1.0,0.00171,0,0,1,False
1745532716.7702954,20,1746194243.9240074,37.36,0.3583,37.5,38,1.9,0.004,0.0,0.38,0.03,2,1746194263.8079805,1746194205.7825518,1746193120.7079413,1.0,0.00177,1.0,0.00177,0,0,1,False
1745532716.7702954,20,1746194264.2574413,37.37,0.35619999999999996,37.5,38,1.9,0.004,0.0,0.38,0.03,2,1746194283.898522,1746194205.7825518,1746193120.7079413,1.0,0.00186,1.0,0.00186,0,0,1,False
1745532716.7702954,20,1746194284.3284776,37.39,0.3543,37.5,38,1.9,0.004,0.0,0.38,0.03,2,1746194304.2741716,1746194205.7825518,1746193120.7079413,1.0,0.00177,1.0,0.00177,0,0,1,False
1745532716.7702954,20,1746194304.694678,37.43,0.3525,37.5,38,1.9,0.004,0.0,0.38,0.03,2,1746194324.5540726,1746194205.7825518,1746193120.7079413,1.0,0.00183,1.0,0.00183,0,0,1,False
1745532716.7702954,20,1746194324.9844573,37.46,0.35100000000000003,37.5,38,1.9,0.004,0.0,0.38,0.03,2,1746194344.5916865,1746194205.7825518,1746193120.7079413,1.0,0.00177,1.0,0.00177,0,0,1,False
1745532716.7702954,20,1746194345.009478,37.47,0.3497,37.5,38,1.9,0.004,0.0,0.38,0.03,2,1746194364.838689,1746194205.7825518,1746193120.7079413,1.0,0.00195,1.0,0.00195,False,True,1,False
1745532716.7702954,20,1746194365.250225,37.5,0.36600000000000005,37.5,38,1.9,0.004,0.0,0.38,0.03,2,1746194384.0358617,1746194205.7825518,1746193120.7079413,1.0,0.00177,1.0,0.00177,0,0,1,False
1745532716.7702954,20,1746194385.296406,37.51,0.3693,37.5,38,1.9,0.004,0.0,0.38,0.03,2,1746194405.2466822,1746194386.574817,1746193120.7079413,1.0,0.00177,1.0,0.00177,0,0,0,False
1745532716.7702954,20,1746194405.3058898,37.52,0.3686,37.5,38,1.9,0.004,0.0,0.38,0.03,2,1746194425.2894883,1746194386.574817,1746193120.7079413,1.0,0.00174,1.0,0.00174,0,0,0,False
1745532716.7702954,20,1746194425.3570976,37.55,0.3669,37.5,38,1.9,0.004,0.0,0.38,0.03,2,1746194445.3374329,1746194386.574817,1746193120.7079413,1.0,0.00171,1.0,0.00171,0,0,0,False
1745532716.7702954,20,1746194445.4041977,37.54,0.3644,37.5,38,1.9,0.004,0.0,0.38,0.03,2,1746194465.3849976,1746194386.574817,1746193120.7079413,1.0,0.00174,1.0,0.00174,0,0,0,False
1745532716.7702954,20,1746194465.4562635,37.55,0.3619,37.5,38,1.9,0.004,0.0,0.38,0.03,2,1746194485.4158554,1746194386.574817,1746193120.7079413,1.0,0.00171,1.0,0.00171,0,0,0,False
1745532716.7702954,20,1746194485.4752433,37.53,0.36,37.5,38,1.9,0.004,0.0,0.38,0.03,2,1746194505.4516702,1746194386.574817,1746193120.7079413,1.0,0.00171,1.0,0.00171,0,0,0,False
1745532716.7702954,20,1746194505.5237734,37.48,0.3577,37.5,38,1.9,0.004,0.0,0.38,0.03,2,1746194525.2508051,1746194386.574817,1746193120.7079413,1.0,0.00174,1.0,0.00174,0,0,1,False
1745532716.7702954,20,1746194525.6787302,37.48,0.3555,37.5,38,1.9,0.004,0.0,0.38,0.03,2,1746194545.6578526,1746194386.574817,1746193120.7079413,1.0,0.0018,1.0,0.0018,0,0,1,False
1745532716.7702954,20,1746194546.06924,37.46,0.3533,37.5,38,1.9,0.004,0.0,0.38,0.03,2,1746194566.0675735,1746194386.574817,1746193120.7079413,1.0,0.00174,1.0,0.00174,0,0,1,False
1745532716.7702954,20,1746194566.4964333,37.44,0.35130000000000006,37.5,38,1.9,0.004,0.0,0.38,0.03,2,1746194586.2397048,1746194567.4419775,1746193120.7079413,1.0,0.00168,1.0,0.00168,0,0,1,False
1745532716.7702954,20,1746194586.6603284,37.45,0.3496,37.5,38,1.9,0.004,0.0,0.38,0.03,2,1746194606.6066365,1746194567.4419775,1746193120.7079413,1.0,0.00189,1.0,0.00189,False,True,1,False
1745532716.7702954,20,1746194607.0249186,37.44,0.3605,37.5,38,1.9,0.004,0.0,0.38,0.03,2,1746194626.952703,1746194567.4419775,1746193120.7079413,1.0,0.00183,1.0,0.00183,0,0,1,False
